id,col1,col2,col3,col4,col5
14072,0,0,0,0,0
13693,0,0,0,1,3
7546,0,0,0,1,0
33164,0,3,1,1,1
33063,0,0,0,1,0
7985,0,0,0,0,0
29123,0,0,0,1,2
22317,0,0,0,0,0
19557,0,0,0,1,0
40365,0,0,1,1,0
26943,0,0,0,1,0
38762,0,2,1,1,0
29111,0,3,1,1,0
49112,0,0,0,1,0
31386,1,3,0,1,0
15153,0,3,1,1,0
39904,0,1,0,1,0
16793,1,0,0,1,0
24646,0,0,0,1,0
18119,0,0,0,1,0
30648,0,0,0,1,0
7853,0,0,0,1,2
26789,0,0,0,1,0
36758,0,1,0,1,0
53008,0,0,0,1,0
31650,1,0,0,1,0
39780,0,0,0,0,0
18102,0,0,0,1,2
13373,0,0,1,0,0
52539,0,0,0,1,0
33544,0,3,1,1,2
12140,0,1,0,1,0
16829,0,0,0,1,2
15733,0,0,0,0,0
7822,0,0,0,0,0
28222,0,1,0,1,0
33381,0,0,0,1,2
13513,0,0,0,0,0
22442,0,0,1,1,0
36270,0,0,0,1,0
39386,0,0,0,1,0
47710,1,2,1,1,2
43411,0,0,1,1,0
12359,0,0,0,1,0
20924,1,0,0,1,2
39984,0,0,0,1,0
45013,0,3,1,1,2
10965,0,0,0,1,0
17460,0,0,0,0,0
33405,0,0,1,1,2
23,0,2,1,1,2
27933,0,0,0,1,0
2126,0,0,1,1,0
36580,0,0,0,1,2
6047,0,0,0,0,0
45542,1,2,1,1,0
11620,0,0,0,1,2
13803,0,0,0,0,0
21358,0,0,0,1,0
34347,0,2,0,1,0
27543,0,0,1,1,0
51361,0,1,0,1,2
22325,0,0,0,1,0
6947,0,3,1,1,0
7746,0,0,0,0,0
11513,0,0,0,0,0
4573,0,0,0,0,0
36063,0,0,0,1,2
33802,0,3,0,1,0
39312,0,0,1,1,0
747,0,0,0,0,0
9842,0,0,0,1,0
47921,0,0,1,1,0
49858,0,2,1,1,2
13862,0,0,0,0,0
39744,0,0,0,1,0
45923,0,0,1,1,2
2658,0,0,0,1,0
28731,0,0,0,0,0
35038,0,3,0,1,0
10904,0,0,0,1,0
8024,0,0,0,0,0
50274,1,2,0,1,2
43028,0,0,0,1,0
53938,0,0,1,1,0
11274,0,3,0,1,0
51640,0,0,0,1,0
40423,0,0,1,1,2
27832,0,0,0,0,0
20055,0,3,1,1,0
50465,0,1,0,1,0
22888,0,0,1,1,2
20643,0,0,0,1,0
37334,0,1,0,1,2
19137,0,0,0,1,0
2951,0,0,0,0,0
5287,0,0,0,1,0
21877,0,0,0,0,0
7060,1,0,0,1,0
42489,0,0,0,1,0
25718,0,0,0,0,0
44480,0,0,1,1,0
35499,0,0,0,1,0
24607,0,0,0,1,0
24326,0,0,0,1,0
38020,0,0,0,1,2
26437,0,0,0,1,0
6225,0,0,1,1,0
45421,0,3,0,1,2
25373,0,0,1,0,0
35602,0,0,0,0,0
49020,0,0,0,1,2
15173,0,0,0,1,0
15033,0,0,0,1,0
13450,0,0,0,0,0
14510,0,0,0,1,0
608,0,0,0,0,0
8662,0,0,0,1,0
8097,0,0,0,0,0
37003,0,3,0,1,0
40306,0,0,0,0,0
12771,0,0,0,0,0
46513,0,0,0,1,0
8822,0,0,0,1,0
28801,0,0,1,1,0
16869,1,3,1,1,2
16495,0,1,1,1,2
22873,0,0,0,1,0
20333,0,1,1,0,0
21325,0,0,0,1,0
30132,0,3,1,1,2
52185,0,3,0,1,0
41412,0,0,0,1,2
29340,0,0,0,1,0
7362,0,0,0,0,0
39505,0,0,0,1,0
29769,0,0,0,1,1
12728,0,0,0,1,1
31654,0,3,1,1,0
38060,0,1,1,1,0
45882,0,0,0,1,2
25829,0,0,0,0,0
872,0,0,1,1,0
39517,0,0,0,1,0
42086,0,2,0,1,0
6725,0,0,0,1,0
38523,0,2,0,0,0
33500,0,3,0,1,2
7540,0,0,0,0,2
34943,0,0,0,1,0
1166,0,3,1,1,0
51322,0,0,0,1,0
768,0,0,1,1,2
45688,1,0,1,1,0
866,0,0,0,1,0
37208,0,0,0,0,0
16571,0,0,0,0,0
90,0,1,0,0,0
4767,0,0,0,1,0
12798,0,0,0,0,0
34315,0,0,0,1,2
22142,0,0,0,1,0
35482,0,0,0,1,2
12320,0,0,0,1,0
17337,0,0,0,1,2
20447,0,0,0,1,0
22455,0,3,1,0,0
17464,0,0,0,0,0
12091,0,0,0,1,0
51838,0,0,0,1,2
23464,0,0,0,1,0
1060,0,0,0,1,2
2634,0,0,0,1,0
31379,0,0,0,1,0
21602,0,0,0,0,0
5106,0,2,0,0,0
415,0,0,0,0,0
26932,1,0,0,1,0
14676,0,0,0,0,0
4397,0,0,0,0,0
52427,0,0,0,1,0
30785,0,0,0,0,0
7683,0,0,0,1,2
13411,0,0,0,1,0
45712,0,0,0,1,0
38055,0,2,1,1,2
3211,0,1,0,1,0
18981,0,0,0,1,0
41052,0,0,1,1,0
37350,0,0,0,1,0
23657,0,0,0,0,0
163,0,0,0,1,1
44276,1,1,1,1,2
47439,0,0,0,1,0
50615,0,3,0,1,0
2211,0,0,0,1,2
6958,0,0,0,0,0
54291,0,0,0,1,0
32640,0,0,0,1,0
44507,1,0,1,1,0
12480,0,0,0,0,0
53157,0,0,0,1,0
6736,0,0,0,1,0
11378,0,0,0,0,0
20993,0,0,0,0,0
51151,0,0,1,1,2
26448,0,0,0,1,0
32922,1,0,0,1,0
47150,1,3,1,1,2
23135,0,0,0,1,0
49005,0,0,0,1,0
45788,0,0,0,1,0
40555,0,0,0,1,0
47955,0,0,0,1,0
17915,0,0,0,0,0
19665,0,0,0,1,0
47125,0,2,1,1,0
2171,0,0,0,0,0
4541,0,0,0,1,0
7907,0,0,0,0,1
38491,0,0,0,1,0
51767,0,2,1,1,2
43016,0,0,1,1,2
34047,0,1,1,1,2
34167,0,0,1,1,0
21869,0,0,0,1,0
32318,0,0,0,1,0
45829,0,0,0,1,0
36014,0,1,0,1,2
46661,0,0,0,1,0
14809,0,1,0,1,0
50215,1,0,1,1,0
45981,0,0,0,1,2
110,0,0,0,0,0
32570,0,0,0,0,0
31142,0,0,0,1,0
10879,0,0,0,1,0
17933,0,0,0,1,0
31242,1,3,1,1,0
5099,0,0,0,0,0
47268,1,0,0,1,0
52679,0,0,0,1,0
2256,0,2,1,1,0
23909,0,0,0,1,0
51698,0,1,0,1,0
32155,1,1,0,1,2
15999,0,1,0,0,0
48300,0,3,1,1,0
22743,0,0,0,0,0
12741,0,0,1,1,0
50363,0,0,0,1,0
11226,0,0,0,1,0
51859,0,0,0,1,0
21261,0,1,0,0,0
30737,0,0,0,0,0
30441,0,0,1,1,0
2816,0,0,0,1,0
45456,0,0,1,1,2
52671,0,0,0,1,0
46637,0,3,0,0,2
21695,0,0,1,1,0
173,0,0,0,1,0
325,0,0,0,0,0
17682,0,0,0,0,0
5802,0,0,0,0,0
22482,0,0,0,1,0
6118,0,0,0,0,0
47819,0,1,0,1,2
2583,0,2,1,1,2
20181,0,0,0,0,0
24672,0,3,1,1,0
14296,0,0,0,1,3
50450,0,2,1,1,2
8451,0,0,0,0,0
17957,0,0,0,1,0
13089,0,0,0,1,2
40577,0,3,1,1,2
19089,0,0,0,1,0
20032,0,3,1,1,2
43439,1,0,0,1,0
24233,0,0,0,0,0
8578,0,0,0,0,0
12234,0,0,0,1,0
49377,0,0,1,1,2
34709,0,0,0,1,0
20526,0,0,0,1,0
3462,0,0,0,1,2
10475,0,3,1,1,0
34010,1,0,0,1,0
42917,0,0,0,1,0
22811,0,0,1,0,0
24415,0,0,0,1,0
45810,0,0,0,1,0
34408,0,0,0,1,2
10517,0,0,0,0,0
40901,0,0,0,1,0
20866,0,0,0,0,0
21561,0,1,0,0,0
54506,0,0,1,1,0
7035,0,0,0,0,0
3010,0,0,0,1,1
28056,0,0,0,1,0
31439,0,0,0,1,2
36226,0,1,0,1,0
12870,0,0,1,1,0
33166,0,0,0,0,2
23835,0,0,0,1,0
16709,0,0,0,0,0
47289,0,0,0,1,2
21131,0,0,0,1,0
42812,0,2,0,1,2
2870,0,0,0,1,0
25825,0,0,0,1,0
15681,0,0,0,1,0
33503,0,0,0,1,0
10921,0,1,0,0,0
18388,0,0,0,0,0
16254,0,0,0,0,0
23446,0,0,0,1,0
18488,0,0,0,1,1
28797,0,3,1,1,2
13540,0,0,1,1,0
35256,0,0,0,1,0
53424,0,0,0,1,0
41175,0,3,1,1,2
51858,0,0,0,0,0
20011,0,0,0,0,0
19591,0,0,0,1,0
6030,0,0,0,1,0
19632,0,0,0,1,2
15077,0,0,0,0,0
6215,0,0,0,1,0
11915,0,0,0,1,0
27212,0,0,0,1,0
17179,0,0,0,0,0
36286,0,0,0,1,2
21083,0,0,0,0,0
13728,0,0,1,1,0
46423,0,1,1,1,1
35245,0,0,0,1,2
14817,1,3,0,1,0
43504,0,0,1,1,2
27538,0,0,0,1,0
38464,0,3,0,1,0
17254,0,1,0,1,0
39954,0,0,0,1,0
38852,0,0,0,1,0
33262,0,0,1,1,0
49830,0,0,0,1,0
51309,0,0,0,1,0
31943,0,0,0,1,2
35240,0,0,0,1,0
5763,0,0,1,1,1
47179,0,0,0,1,2
39731,0,3,0,1,1
52038,0,1,0,0,2
28786,1,3,1,1,2
30981,0,3,1,1,0
31278,0,3,0,1,0
20848,0,0,0,0,1
24272,0,0,0,1,0
49600,0,0,0,1,0
31155,0,2,1,1,0
40534,0,2,0,1,0
35556,0,0,0,1,2
4198,0,0,0,0,0
22558,0,0,0,0,0
33600,0,0,0,1,0
17690,1,0,1,1,0
38760,0,0,0,1,0
32450,0,2,1,1,2
10909,0,0,0,0,0
14461,0,0,0,0,0
5231,0,0,0,1,0
38000,0,0,0,1,2
37527,0,0,0,1,2
35018,0,1,0,0,0
4550,0,0,0,0,0
25370,0,0,0,0,0
29914,1,0,1,0,0
51870,0,0,0,1,0
22385,0,0,0,1,0
15280,1,0,0,1,0
14796,0,0,0,0,0
32897,0,0,0,1,0
52598,1,0,1,1,2
10878,0,0,0,1,0
7820,0,0,0,1,0
46115,0,0,0,1,0
1208,1,0,0,1,0
33025,0,0,0,1,0
48371,1,3,1,0,0
25267,0,1,0,1,0
47532,0,1,1,1,2
49183,0,0,0,1,0
19657,0,0,0,0,0
36335,0,2,1,1,0
23931,0,0,0,1,0
19260,0,0,0,0,0
30337,0,0,0,1,2
16241,0,0,1,1,0
40747,0,0,0,1,0
17086,0,0,0,1,2
31741,0,0,0,1,2
7331,1,2,1,1,1
31578,0,0,0,0,0
32216,1,0,1,1,2
12761,0,0,0,1,0
6565,0,0,0,0,2
4167,0,0,0,1,0
6183,0,0,0,1,2
39801,0,0,1,1,0
35597,0,0,0,1,2
5480,0,0,0,1,0
20697,0,2,0,1,0
14419,0,0,0,1,0
19677,0,0,1,1,0
27038,0,0,0,0,0
29964,1,0,0,1,0
44324,0,0,0,1,0
15197,0,0,0,1,0
21785,0,0,0,0,0
1419,0,0,0,0,0
44805,0,3,1,1,0
47100,0,1,1,1,2
3733,0,0,0,1,0
10469,0,0,0,0,0
19418,0,0,0,0,0
40096,0,0,0,1,0
17288,0,0,0,1,0
26801,0,0,1,1,0
54419,0,3,1,1,2
13613,1,0,0,1,0
49017,0,0,0,1,0
17409,0,0,0,0,0
10481,0,0,0,1,0
5308,0,0,0,0,0
35182,0,3,1,1,0
42623,0,2,0,1,0
36249,1,0,1,1,0
30029,0,0,0,1,0
12084,0,0,0,1,0
51264,0,0,1,1,0
42628,0,3,1,1,2
53861,0,0,0,1,2
42635,1,3,1,1,2
371,0,0,0,0,0
51090,1,3,1,1,2
52638,1,0,0,1,1
45167,0,0,0,0,0
51585,0,0,0,1,2
6435,0,0,0,0,0
35284,0,0,0,1,0
9943,0,0,0,0,0
48761,0,3,1,1,0
19343,0,1,1,1,0
42982,0,3,1,1,0
18886,0,0,0,1,0
18151,0,0,0,0,3
4263,0,0,1,1,2
26086,0,2,1,1,0
50041,0,3,0,1,2
27718,0,0,0,1,0
6252,0,1,0,1,0
34842,0,0,0,1,0
13306,0,0,0,0,0
1644,0,0,0,0,0
4584,0,0,0,1,3
38569,0,0,0,1,0
30242,0,0,0,1,2
30150,1,2,1,1,2
53836,0,0,0,1,0
22178,0,2,1,1,0
34230,1,2,1,1,2
35159,0,0,0,1,2
24070,0,0,0,0,0
2412,0,0,0,1,0
22961,0,0,0,0,0
28977,1,2,1,1,2
39490,0,0,0,1,0
32002,0,2,1,1,2
38845,0,3,0,0,0
12529,0,0,1,1,0
51194,0,3,1,1,1
36494,0,3,1,1,0
42219,0,1,0,1,2
28297,0,0,0,1,2
52971,1,3,1,1,0
35750,0,1,0,1,0
40978,0,2,0,1,2
18159,0,0,0,1,0
37675,1,3,1,1,0
42380,0,0,0,1,2
1308,0,0,0,0,0
21330,0,0,0,1,0
8388,0,0,0,1,0
28973,1,0,0,1,0
44803,0,0,0,1,0
17809,0,0,0,1,0
15079,0,0,0,1,0
47364,1,0,1,1,2
13255,0,0,0,0,0
5536,0,0,0,0,0
39407,0,0,0,1,2
2715,0,0,0,1,0
42111,0,2,1,1,2
52775,0,0,0,1,0
30911,1,0,0,1,0
43803,0,0,0,1,0
34914,0,3,1,0,0
3334,0,0,0,0,0
1887,0,0,0,1,0
14374,0,0,0,1,0
7700,0,0,0,1,0
38923,0,0,0,1,0
46370,0,1,1,1,2
25520,0,0,0,0,0
16569,0,0,0,1,0
50604,1,0,1,1,0
33238,1,0,1,1,0
21222,0,0,0,1,0
50581,0,0,0,1,0
52586,0,0,0,1,0
50027,0,0,0,1,2
7802,0,0,0,1,0
32494,0,1,0,1,0
4024,0,0,0,1,0
7720,0,0,0,1,0
18838,0,0,0,0,0
34460,0,3,0,1,0
28164,0,0,0,1,0
47722,0,0,0,1,0
4872,0,0,0,1,0
50696,0,0,0,1,0
25374,0,0,0,1,2
43499,0,0,0,1,0
52263,0,0,0,1,0
12180,0,0,0,1,0
27084,0,0,0,1,0
47777,1,0,0,1,2
20466,1,1,1,1,0
50223,0,3,1,1,2
14975,0,0,0,0,0
20332,0,0,0,0,3
22675,0,0,0,1,0
6605,0,0,0,0,0
20915,0,3,1,0,0
29077,0,0,0,1,2
53268,0,0,0,1,0
50875,0,0,0,1,0
40368,0,0,0,1,0
40822,0,0,0,1,2
8667,0,0,0,1,2
25667,0,0,0,0,0
34859,0,0,0,1,0
31766,0,0,1,1,2
17104,0,0,1,1,1
29014,0,0,0,1,0
34286,0,0,0,1,0
21520,0,0,0,1,2
34129,0,0,0,1,2
9064,0,0,0,1,0
27496,1,3,1,1,0
18544,0,0,0,1,0
12694,0,0,0,1,0
34445,0,3,0,1,0
52562,0,0,0,0,0
42275,0,3,1,0,0
41084,0,0,1,1,1
48707,0,0,0,1,0
15678,0,0,0,1,0
52267,0,0,0,1,0
5542,0,0,0,0,0
53243,0,1,1,1,2
13294,0,0,0,0,0
37683,0,0,1,1,2
11372,0,0,0,1,0
32395,0,0,0,1,2
23949,0,0,0,1,2
18155,0,1,1,1,0
30636,0,0,0,1,0
49164,1,0,0,1,2
42892,0,0,0,0,0
19276,0,0,0,1,0
38481,0,3,1,1,0
54342,0,0,0,1,0
36641,0,0,0,1,0
16629,0,0,0,1,2
28292,0,1,1,1,2
2716,0,0,0,1,0
24303,0,0,0,1,0
39112,0,0,0,1,0
39847,0,2,0,1,0
42588,1,0,0,1,0
52135,0,3,0,1,0
18474,0,0,0,0,0
5155,0,0,0,0,0
41892,0,0,0,1,0
15962,0,3,0,0,2
10600,0,0,1,1,0
40366,0,0,0,1,0
52607,0,0,0,1,2
848,0,0,0,1,0
50698,0,0,0,1,0
4196,0,0,0,1,0
2650,0,0,0,1,1
43555,0,0,0,1,0
30664,0,0,0,1,0
1294,0,0,0,1,0
5330,0,0,0,1,0
53801,0,0,0,1,2
27248,0,1,0,1,0
20077,0,0,0,1,1
44493,0,0,0,0,0
8803,0,0,0,0,0
42233,1,3,1,1,2
19221,0,0,0,1,0
31934,0,3,1,1,1
25003,0,0,0,0,0
18753,0,0,0,0,0
48399,0,0,0,1,0
39099,0,2,1,0,0
44095,0,0,0,1,0
41479,0,3,1,1,2
37300,0,3,0,1,0
11396,0,0,0,0,0
41579,1,0,1,0,0
15315,0,0,0,1,0
46806,0,2,1,1,2
35844,0,0,0,1,0
47877,0,2,0,1,0
4384,0,0,0,1,0
44723,0,0,1,1,0
9370,0,0,0,0,0
50561,0,0,1,1,0
8698,0,0,0,1,0
45011,0,0,0,1,0
16729,0,0,0,1,0
47231,0,3,1,1,0
43340,0,3,1,1,0
17659,0,0,0,0,0
17170,0,0,0,1,0
3534,0,1,0,1,0
34342,1,0,1,1,2
15755,0,0,0,0,0
44228,0,0,0,1,0
46779,1,0,0,1,0
1321,0,0,0,0,0
40928,1,1,1,1,0
33552,0,0,0,1,0
43959,0,0,0,1,0
12504,0,0,0,0,0
29481,0,0,0,1,0
29634,0,0,1,1,0
25517,0,0,0,1,0
26633,0,2,0,0,0
22534,0,0,0,1,0
41266,0,3,1,1,0
16002,0,0,0,0,0
44315,0,2,1,1,0
34066,0,1,1,0,0
45639,0,3,0,1,1
16760,0,3,1,0,2
38171,0,0,0,0,0
19936,0,0,0,0,2
31129,0,3,1,1,0
31396,0,3,1,1,0
5284,0,0,0,0,0
40871,0,0,1,1,2
34022,0,1,1,1,0
13182,0,3,1,1,2
21547,0,0,0,0,0
10737,0,0,0,1,0
3686,0,0,0,1,0
21030,0,0,0,0,0
6765,0,0,0,0,0
47450,0,2,1,0,2
36082,0,1,0,1,0
10852,0,1,0,0,0
2606,0,3,0,1,2
24280,0,0,1,0,0
32959,0,0,0,1,2
6996,0,0,0,1,0
15494,0,0,0,0,0
17047,0,0,0,1,0
22498,0,0,0,1,0
42026,0,0,0,1,0
30829,1,0,0,1,2
1539,0,0,1,1,0
17281,0,0,0,0,0
50914,1,3,1,1,2
46275,1,1,0,1,2
10444,0,0,0,1,2
30668,0,0,0,1,0
23118,0,0,0,0,0
24395,0,1,1,1,0
21669,0,0,0,1,0
51826,0,0,0,1,0
51647,0,0,0,1,2
12362,0,0,0,1,0
8073,0,0,0,0,0
15375,0,0,0,0,0
27245,0,2,1,1,0
18596,0,0,0,1,2
16588,0,0,0,1,0
12171,0,0,0,1,0
11449,0,0,0,0,0
4832,0,0,0,1,0
1444,0,0,0,0,0
47270,0,0,0,1,0
703,0,3,1,0,0
14225,1,1,1,1,0
46843,0,2,0,1,0
24787,0,0,0,0,0
52746,0,0,0,1,0
44143,0,3,1,1,2
22759,0,0,0,1,0
20178,0,0,1,1,0
53069,0,0,0,1,0
6054,0,0,0,1,0
520,0,3,1,1,0
51195,0,0,1,1,0
7154,0,0,0,1,0
50439,0,0,0,1,2
35146,0,0,0,1,2
30832,0,0,0,0,0
35825,0,2,0,1,0
53565,1,1,0,1,2
5905,0,0,0,1,0
50701,0,0,0,1,0
31355,0,0,1,1,0
12175,0,0,0,1,0
28927,0,2,1,1,2
48634,1,0,0,1,0
20355,0,2,0,1,0
577,0,0,0,1,0
29214,0,0,0,1,2
35980,1,0,1,1,2
11851,0,0,0,1,0
2705,0,0,0,0,0
33240,1,2,1,1,0
27570,0,0,1,1,2
7378,0,0,0,1,0
39608,0,0,0,1,0
19287,0,0,0,1,0
7730,0,0,0,1,2
24016,0,0,0,1,1
31528,0,0,1,1,2
20215,0,0,1,1,0
36574,0,0,0,1,2
33154,0,0,1,1,0
29383,0,2,1,1,2
34352,0,0,0,1,0
24606,0,0,0,0,0
13594,0,0,0,0,0
28538,0,0,0,1,0
50633,0,0,1,1,0
21643,0,0,0,0,0
4620,0,0,0,0,0
52430,0,2,0,1,0
27874,1,1,1,1,0
42209,0,0,0,1,0
38469,0,0,0,1,0
31954,0,2,0,1,0
35812,0,0,0,1,0
47507,0,0,0,1,0
48269,0,0,0,1,0
2890,0,0,0,1,0
106,0,0,0,0,0
31554,1,3,1,1,2
29515,0,3,1,1,0
18342,0,0,0,1,0
17467,0,0,0,0,0
13652,1,0,0,1,0
7088,0,3,1,1,0
38466,0,0,0,0,0
22830,0,0,0,0,0
19661,0,2,0,0,0
3646,0,0,0,1,2
30053,0,1,0,0,2
28384,0,0,0,0,0
47426,0,1,0,1,0
3969,0,0,0,1,0
45115,0,0,1,1,2
14236,0,0,0,1,0
6574,0,0,0,1,2
11663,0,1,1,1,2
9497,0,0,0,0,0
1822,0,2,0,0,0
19437,0,0,0,1,0
37198,0,0,0,0,2
49751,1,3,1,1,0
45598,0,3,0,1,0
14367,0,0,0,0,0
40099,0,0,0,1,0
32732,0,0,0,1,0
34489,1,0,1,1,2
20562,0,0,0,0,0
43231,1,3,1,1,2
36399,0,0,0,1,0
5268,0,3,0,1,0
9811,0,3,1,0,0
27861,0,3,0,1,2
1756,0,0,0,0,0
33954,0,3,1,1,0
45681,1,0,0,1,0
43570,0,0,1,1,0
29903,1,0,0,1,0
12056,0,0,0,1,0
27327,0,0,0,0,0
23712,0,0,0,1,0
44337,0,3,1,1,2
248,0,0,0,1,0
30651,0,0,1,1,0
47842,0,0,0,0,0
18530,0,0,0,0,2
29229,0,2,1,1,2
22858,0,0,0,1,0
38130,1,1,0,1,0
22057,0,1,0,0,0
48266,0,1,0,1,2
53567,0,2,0,1,2
31779,1,0,0,1,0
9213,0,0,0,0,0
52718,0,0,0,1,0
48091,0,0,0,1,0
36851,0,2,1,1,0
18720,0,0,0,1,0
39376,0,0,1,0,1
12546,0,0,0,1,0
2856,0,0,0,1,0
9462,0,0,0,0,0
53841,0,2,1,1,2
6075,0,0,0,1,0
36061,0,3,0,0,0
35385,0,0,0,1,1
28013,0,0,0,1,0
52219,1,0,0,1,0
33001,1,0,0,1,0
27163,0,0,0,1,0
40746,1,0,0,1,0
25233,0,0,1,1,0
11529,0,0,0,1,0
48377,0,0,0,1,0
29372,0,0,1,1,0
50566,0,3,1,1,0
2868,0,0,1,1,0
2415,0,0,0,1,0
2282,0,0,0,0,0
13814,0,0,0,1,0
52022,0,0,0,1,1
31955,0,0,1,1,0
28999,0,0,0,1,0
5593,0,0,0,1,0
30851,0,0,0,1,0
3937,0,0,0,0,0
1825,0,0,0,1,0
11782,0,0,0,0,0
37786,1,3,0,1,0
10628,0,0,0,1,0
46599,1,3,1,1,2
26386,0,0,0,0,0
42221,1,0,0,0,2
28132,0,1,1,1,0
32844,0,0,1,1,0
23337,0,0,0,0,0
19295,0,0,0,1,0
47810,1,0,0,1,2
37823,0,0,0,1,2
19028,0,0,0,0,0
35619,0,0,0,1,0
22933,0,0,0,1,0
18202,0,0,0,1,0
41067,0,2,1,1,2
7665,0,0,0,1,0
14336,0,0,0,1,0
23422,0,0,0,1,0
42002,0,0,0,1,2
37354,1,3,0,1,0
41154,0,0,1,1,2
29071,0,0,0,0,0
45844,0,3,0,1,0
52850,0,0,1,1,2
5210,0,0,0,0,0
28785,0,3,1,1,2
37904,0,0,0,1,0
46718,0,0,0,0,0
33937,0,0,1,1,0
30461,0,0,0,1,0
16281,0,0,0,1,0
54595,1,3,1,1,1
30514,0,0,0,1,0
37623,0,0,0,1,0
15792,0,0,0,1,0
37467,0,0,0,1,2
30249,0,3,1,1,0
22223,0,0,0,0,0
51620,1,3,1,1,0
5808,0,0,0,1,0
52408,0,3,1,1,0
37085,0,0,0,1,2
16860,0,0,0,0,0
37751,0,0,0,1,0
27803,0,0,0,0,0
44791,1,1,1,1,0
33886,0,3,1,1,0
24058,0,0,0,0,0
25988,0,0,0,1,0
53534,0,2,1,1,0
14712,0,0,0,0,0
52840,0,0,1,1,0
35960,0,2,1,1,0
39084,0,0,0,1,0
48720,0,0,0,0,0
450,0,0,0,1,0
26937,0,0,0,0,0
50952,0,0,0,1,0
19662,0,0,0,1,0
34557,0,0,0,1,0
29752,0,0,0,1,2
32444,0,0,0,1,0
51106,0,0,0,1,0
32661,1,1,0,1,2
33100,0,0,1,1,2
27270,0,0,0,1,0
20736,0,0,0,0,0
39003,0,1,0,1,0
54128,1,0,0,1,0
14380,0,1,0,0,2
6135,0,0,0,1,0
47593,0,0,0,1,0
35011,0,0,0,1,0
11348,0,0,0,1,0
37880,0,0,0,1,2
42412,0,0,0,1,0
1071,0,0,0,0,0
40228,0,0,1,1,1
42053,0,3,0,1,2
5276,0,0,0,0,0
2299,0,0,0,1,0
38257,0,0,0,1,2
2996,0,0,0,1,0
16004,0,0,0,1,0
31677,0,1,1,1,0
5388,0,0,0,1,0
13817,0,2,1,0,2
45750,0,0,0,1,0
14275,0,0,0,0,0
833,0,0,0,0,0
1040,0,0,0,0,0
20058,0,0,0,1,0
17908,0,0,0,1,0
33205,0,2,1,1,0
10335,0,0,0,1,0
39964,0,0,0,1,0
17373,0,3,1,1,2
799,0,0,0,0,0
21051,0,0,0,1,1
18821,0,0,0,1,1
25231,0,0,0,0,0
47005,1,0,0,1,0
246,0,0,0,0,0
52080,0,3,1,1,0
29774,0,0,0,1,0
28189,0,0,0,1,0
7520,0,0,0,1,0
31594,0,2,1,1,0
28993,0,0,0,1,0
3880,0,0,0,0,2
11339,0,0,0,1,0
50090,1,0,1,1,0
45366,0,3,1,1,0
41941,1,0,0,1,0
30212,0,3,1,1,2
50370,1,0,1,1,2
10655,0,0,0,1,0
26095,0,0,0,1,0
13249,0,0,0,0,0
36959,0,0,0,1,0
13206,0,3,1,1,0
23412,0,0,0,1,2
23811,0,0,0,1,2
7710,0,0,0,0,0
30215,0,0,0,1,0
35688,1,3,1,1,1
42359,0,3,0,1,2
5809,0,0,1,1,0
15919,0,0,0,0,0
35027,0,0,1,1,2
24887,0,0,0,1,0
18462,0,0,0,0,0
12276,0,0,0,1,0
4946,0,0,0,0,2
46619,0,1,0,0,0
13832,0,0,0,1,0
52496,0,1,0,1,2
53804,0,0,0,1,0
51880,0,3,0,0,0
31070,1,3,1,1,0
7884,0,1,0,0,0
21336,0,0,0,0,0
44283,0,0,0,1,0
23214,0,0,0,1,0
46407,1,0,1,1,0
6068,0,1,0,0,0
14089,0,0,0,0,0
25850,0,0,0,0,0
34283,1,0,0,1,0
13954,0,0,0,0,0
46047,0,0,0,1,0
50685,0,1,0,1,0
20928,0,0,0,0,0
2910,0,0,0,1,0
13556,1,3,1,0,1
50134,0,0,0,1,0
19311,0,0,0,1,0
19700,0,0,0,1,0
9,0,0,0,1,0
3928,0,0,0,0,0
20195,0,0,0,0,0
15665,0,0,0,1,0
9128,0,0,0,1,0
41493,0,3,0,0,0
51875,0,3,1,1,0
932,0,0,0,0,0
20789,0,3,1,1,2
48645,0,0,0,1,2
39188,0,0,0,1,0
42820,0,0,0,0,2
3314,0,3,1,1,2
51997,1,1,1,1,0
9421,0,0,0,0,0
41421,0,0,0,1,2
20246,0,0,0,1,0
6451,0,0,0,0,0
40890,0,0,0,1,0
39911,0,0,0,1,0
24296,0,0,0,0,0
2962,0,0,0,1,0
51582,0,0,1,1,0
4187,0,0,0,1,0
50401,0,0,0,1,0
30589,0,0,0,1,2
26267,1,0,0,0,0
6464,0,0,0,1,0
11839,0,0,1,1,0
49393,0,3,1,1,0
43368,0,0,0,1,0
1871,0,0,0,0,0
14120,0,0,0,1,0
3473,0,0,1,1,0
34624,0,2,0,1,0
3588,0,0,0,1,0
48159,0,1,0,1,2
2238,0,0,1,1,0
48651,0,3,1,1,2
18873,0,0,0,0,0
48621,1,0,0,1,2
40754,0,3,1,1,0
29898,0,3,0,1,0
6912,0,2,1,1,0
2388,0,0,0,0,0
1764,0,0,0,0,0
40473,0,0,0,1,0
53617,0,1,0,1,0
10885,0,0,0,0,0
53551,0,2,0,1,0
19035,0,0,0,0,0
18019,0,0,0,1,0
27152,0,0,0,0,0
44939,0,2,0,1,0
38403,1,2,1,1,0
9927,0,0,0,0,0
39896,0,0,0,1,0
49760,0,2,1,1,0
53149,0,0,0,0,0
15323,0,0,0,1,0
33147,0,0,0,0,0
16336,0,0,0,0,0
23591,0,0,0,0,0
45373,0,3,0,1,2
30830,0,3,1,1,0
9206,0,0,0,0,0
32867,0,0,1,1,2
4636,0,0,0,0,0
25668,1,0,0,0,0
2948,0,0,0,1,0
38258,0,0,0,1,0
45929,0,2,0,1,2
52857,0,0,0,1,0
11552,0,0,0,0,0
28401,1,3,1,1,2
31237,1,0,0,1,0
40332,1,0,1,1,0
6722,0,0,0,1,0
41915,0,0,0,1,0
17118,0,0,0,0,0
10617,0,0,0,1,0
2254,0,0,0,1,0
6611,0,1,0,1,0
8786,0,0,0,0,3
54456,0,0,1,1,0
40442,0,3,1,1,2
14735,0,0,0,1,1
21046,0,3,0,1,0
39827,0,0,0,1,2
2609,0,0,0,0,0
6517,0,3,0,1,0
36558,0,0,0,1,0
47258,0,0,0,1,0
52175,1,3,1,1,0
33376,0,0,1,1,2
3390,1,1,1,1,2
46565,1,1,1,1,0
20451,0,2,1,1,0
1733,0,0,0,1,0
3933,0,0,0,0,0
12255,0,0,0,1,2
29433,0,1,1,1,0
24324,0,0,0,1,0
40303,0,0,0,1,0
36806,0,0,0,1,2
36140,0,0,0,1,2
40527,0,0,0,1,2
12753,0,0,0,1,0
53052,1,2,1,0,2
32847,1,2,0,1,0
45183,0,0,1,1,0
8329,0,1,0,0,0
16640,0,0,1,1,0
44993,0,0,0,1,0
26953,0,0,0,0,0
41307,0,0,1,1,2
3626,0,0,0,0,3
31851,0,0,0,1,2
48093,0,0,0,1,0
40011,0,0,0,1,0
3879,0,0,0,1,0
27580,0,0,1,1,0
21734,1,0,0,1,2
36243,0,0,0,1,0
13278,0,0,0,1,0
26356,0,0,0,1,0
30209,0,0,0,1,0
516,0,0,0,0,0
24683,0,0,0,1,2
24017,0,0,0,0,0
35891,0,3,1,1,2
1846,0,0,0,0,0
45310,0,0,0,1,0
33450,0,0,0,1,2
51454,0,0,0,1,0
43879,0,0,0,1,2
28156,0,0,0,1,2
15193,0,0,0,0,0
33167,0,0,1,1,0
25994,0,0,1,1,0
25450,0,0,1,1,2
14822,0,0,0,1,2
51105,0,0,0,1,0
8644,0,0,0,0,0
250,0,0,0,1,0
40,0,1,0,0,0
10887,0,0,0,1,0
27859,0,3,1,1,0
40593,0,0,1,1,2
15944,0,0,1,1,0
14151,1,0,0,1,0
13770,0,0,0,0,0
19725,0,0,1,1,0
31693,0,1,1,1,2
7814,0,3,1,1,2
2845,0,0,0,1,0
16111,0,0,0,1,0
20688,0,0,1,0,0
46243,0,0,0,1,0
43063,0,0,0,1,0
5540,0,0,0,0,0
41443,0,1,0,1,0
8421,0,0,0,0,0
23221,0,0,0,1,0
25729,0,0,0,0,0
20504,1,0,0,1,0
29308,0,2,1,0,2
16593,0,0,0,0,0
44648,0,1,0,1,0
14852,0,0,0,0,0
43363,0,3,1,0,0
28653,0,0,0,1,0
48849,0,0,0,1,0
34321,1,0,1,1,2
21020,0,0,0,1,0
3474,0,3,1,1,0
28658,0,1,1,1,2
10707,0,0,0,1,0
47435,0,2,1,0,2
13162,0,0,0,0,0
50289,0,0,0,0,0
14879,0,0,0,0,0
31464,0,0,1,1,0
42108,1,3,1,1,0
17473,0,0,0,1,0
51292,1,3,1,1,0
47641,0,0,0,1,0
5360,1,0,0,1,0
34294,0,0,0,1,0
39945,0,1,0,0,3
30438,0,1,1,1,2
5125,0,0,0,1,0
1414,0,3,0,1,0
20410,0,0,0,1,0
41312,0,0,0,1,0
53468,1,1,0,1,0
46524,0,0,0,1,2
40418,0,3,0,1,2
25452,0,0,0,1,0
23460,0,0,0,0,0
26475,0,0,0,0,0
54255,0,0,0,1,2
20852,0,1,0,0,0
728,0,0,0,1,0
8999,0,0,0,0,0
6624,0,0,0,1,0
51650,0,2,0,1,2
23772,0,0,0,0,2
21750,0,0,0,1,0
19610,0,0,0,0,0
26094,0,0,0,0,0
15002,0,0,0,1,2
8404,0,0,0,1,0
5770,0,0,0,1,0
15921,0,3,1,1,0
48534,0,0,0,1,2
50933,0,3,1,1,0
21710,0,1,1,0,0
41085,0,0,0,1,0
53903,0,0,0,1,0
16042,0,0,0,1,0
18385,0,0,0,1,0
38747,0,0,0,1,0
15888,0,0,0,1,0
18111,0,0,0,0,0
53279,0,0,1,1,0
33789,0,0,0,1,2
13538,0,0,0,1,0
51487,0,0,0,1,0
46901,0,0,0,1,0
36403,1,3,1,1,1
36223,0,3,1,0,2
43353,0,0,1,1,0
46782,0,0,0,1,0
16706,0,0,0,1,0
44682,0,2,0,1,0
18479,0,0,0,1,0
51713,0,3,1,1,0
17832,0,1,1,0,0
23291,0,0,0,0,2
31134,0,2,1,1,0
22203,0,0,0,1,0
5882,0,0,0,0,0
18958,0,0,1,0,0
8365,0,0,1,1,0
37834,0,3,1,1,0
2601,0,0,0,1,0
49866,0,0,0,1,0
44359,0,3,1,1,1
22406,0,0,0,1,0
36551,0,0,0,1,0
25195,0,1,0,1,0
47107,0,0,0,1,0
18382,0,0,0,0,0
27656,0,0,0,0,0
35862,0,0,1,1,0
7808,0,0,0,0,0
54266,0,0,0,1,0
21531,0,0,0,0,0
45044,0,3,1,1,0
35754,0,0,0,1,2
21708,0,0,0,1,0
50589,1,0,0,1,2
29501,1,0,0,1,0
47809,0,0,0,1,0
23713,0,0,0,1,0
4553,0,0,0,0,0
10733,0,0,0,0,0
25489,0,0,0,1,0
41772,0,3,1,1,2
22185,0,0,0,1,0
8014,0,3,1,1,0
14065,0,0,0,1,0
26477,0,0,0,1,0
26018,0,0,0,0,0
4983,0,0,0,0,0
51334,0,0,1,1,0
4761,0,3,1,1,2
1387,0,0,0,1,2
2554,0,0,0,0,0
43928,0,0,0,1,0
21842,0,0,0,1,2
5700,0,0,0,1,0
24421,0,0,0,1,0
25956,0,0,0,0,0
50299,0,0,1,1,0
38899,0,0,0,1,0
16493,0,0,0,0,0
27691,0,0,1,1,0
10312,0,0,0,1,0
13766,0,0,0,1,0
1759,0,0,0,1,0
25933,0,0,0,0,0
27620,0,0,0,1,2
6427,0,0,0,1,0
50998,0,0,0,0,0
8857,0,0,0,0,0
13290,0,0,0,0,0
5517,0,3,0,0,0
12230,0,0,0,0,0
7454,0,0,0,0,0
30758,0,0,1,1,0
24671,0,0,0,0,0
51496,0,0,0,1,0
10303,0,0,0,1,2
10803,0,0,0,1,0
2929,0,0,1,1,2
27030,0,0,0,0,0
34792,0,0,1,1,0
37419,1,3,1,1,0
49897,0,0,1,1,2
12024,0,0,0,0,0
15203,0,0,1,0,0
30219,0,0,0,1,0
51963,0,0,0,0,2
49749,1,1,0,1,0
38245,0,0,1,1,0
35662,0,3,1,0,0
28380,0,0,0,1,0
41428,0,0,1,1,0
51067,0,0,0,0,0
28425,0,3,1,1,0
11887,0,0,0,1,0
538,0,0,0,1,0
17781,0,0,0,1,0
2400,0,0,0,0,0
8462,0,0,0,0,0
33641,0,0,1,1,0
51682,0,0,0,0,2
7493,0,0,0,1,0
26251,0,0,0,1,0
26038,0,0,0,1,0
34388,0,0,1,1,2
32204,0,3,1,1,0
33890,1,0,1,1,0
14627,0,0,1,1,0
34638,0,3,0,1,0
28120,0,0,0,1,0
37233,1,0,0,1,0
17016,0,0,0,1,2
46535,0,1,0,1,0
17733,0,0,0,0,0
46522,0,0,0,1,0
16275,0,0,0,0,0
11758,0,0,0,0,0
30591,0,0,0,1,2
18394,0,0,0,0,3
17099,0,0,0,0,0
8770,0,0,0,1,0
46297,0,0,0,1,0
52973,0,3,1,1,2
53372,0,3,1,0,0
2881,0,0,0,1,0
42571,0,0,0,1,2
27632,0,0,1,1,0
18293,0,0,0,1,0
18502,0,0,0,0,0
29849,0,2,0,1,0
19885,0,0,0,1,0
39642,0,0,0,1,0
48877,0,0,0,1,0
17760,0,0,0,0,0
23656,0,0,0,0,0
21634,0,0,0,1,0
45439,1,1,1,1,2
2878,0,0,1,1,0
1564,0,0,0,0,0
23054,0,0,0,1,0
37961,1,2,0,1,2
47198,0,2,1,1,0
39363,0,1,1,1,0
26142,0,0,0,0,0
23454,0,0,0,1,0
12812,0,0,0,1,0
11401,1,0,0,1,0
40374,0,0,0,1,0
25229,0,0,0,0,0
10391,0,0,0,1,0
39843,0,0,0,1,0
21310,0,0,0,1,0
42721,0,0,1,1,2
7675,0,0,0,1,0
33297,0,1,1,1,0
12226,0,0,0,0,0
15238,0,1,0,0,0
34032,0,0,1,1,2
48940,0,0,1,1,0
45478,0,2,1,1,2
10619,0,0,0,1,0
54100,0,0,0,1,0
5662,0,0,0,0,0
54582,0,0,0,1,2
37608,0,0,0,1,0
28800,0,0,0,1,0
53304,0,0,0,1,2
31587,0,0,0,0,0
34644,0,0,0,1,0
24437,0,0,0,1,0
41251,1,1,1,1,0
53478,0,0,1,1,2
44785,0,0,0,1,0
41372,0,0,0,1,2
27560,0,0,0,1,0
17737,0,0,0,0,0
5712,0,2,1,1,0
5178,0,2,1,1,0
46730,0,1,0,0,2
32918,0,0,0,1,1
29792,0,0,0,1,0
21512,0,0,0,1,0
39477,0,0,0,0,0
8321,0,2,0,0,1
8554,0,0,0,1,2
49395,0,3,0,1,0
26516,0,0,0,0,0
18908,0,0,0,1,0
48680,1,2,1,1,2
50039,0,0,0,1,0
13460,0,0,0,0,0
16694,0,0,0,0,0
28272,1,0,1,1,2
20413,0,0,0,1,2
12190,0,0,0,0,0
7096,0,0,0,1,0
45860,1,0,0,1,2
42956,0,0,1,1,2
6741,0,0,0,0,0
18521,0,0,0,0,0
20798,0,0,0,1,0
41329,0,0,0,1,0
35006,0,3,0,1,0
22054,0,0,0,1,0
14412,0,0,0,1,2
24012,0,0,0,0,0
47301,0,0,0,1,2
46580,0,0,0,1,0
25818,0,0,0,1,0
52058,0,1,0,1,0
1646,0,0,0,0,0
42318,0,0,0,1,0
32575,0,0,0,0,0
45240,0,1,0,0,1
32439,1,0,0,1,0
13517,0,0,0,1,0
20605,0,0,0,1,0
36762,0,3,1,1,2
15363,0,0,0,1,0
37640,0,1,0,0,0
31297,0,0,0,1,0
10269,0,0,0,0,0
9101,0,3,0,0,0
45364,0,0,0,1,2
12729,0,0,0,1,0
40711,0,0,0,0,2
29230,0,0,1,1,2
4149,0,0,0,1,0
31448,0,0,0,1,2
27903,0,3,1,1,2
7784,0,0,0,0,0
7295,0,0,0,1,0
39429,0,0,0,1,0
49958,0,0,0,1,2
20630,0,0,0,0,0
6654,0,0,0,0,0
2043,0,3,0,1,0
35354,1,0,0,1,0
4348,0,0,0,1,0
15900,0,0,0,1,0
13604,0,0,0,0,0
25980,0,0,0,1,0
16367,0,3,1,1,2
22632,0,0,0,0,0
33932,1,0,1,1,0
43108,0,3,1,1,2
37402,0,0,0,1,2
20561,0,0,0,1,0
33984,0,0,0,1,0
44050,0,3,1,1,2
47747,0,1,1,0,0
29018,0,0,0,1,0
25150,0,0,0,0,0
34061,0,3,0,0,0
13879,0,0,0,0,0
5622,0,0,1,1,0
37137,0,0,0,1,0
48292,0,0,0,1,0
17654,0,0,0,0,0
7655,0,0,0,1,0
27923,0,0,0,1,0
1323,0,0,1,1,0
6441,0,0,0,0,0
17714,0,0,0,1,0
14808,0,0,0,1,2
7760,0,0,0,1,0
33374,0,1,0,0,0
17095,0,0,1,1,0
34495,0,3,1,1,0
53348,0,0,0,1,0
52190,0,3,0,1,0
6994,0,0,0,0,0
45395,0,2,1,1,2
49093,1,0,0,1,0
33076,0,0,0,1,0
50554,0,0,1,1,0
11717,0,0,0,0,0
38647,1,2,1,1,2
749,0,0,0,0,0
24245,0,0,0,1,0
54640,0,2,0,1,1
6369,0,0,0,0,0
8919,0,0,0,1,0
6272,0,0,0,1,0
21515,0,0,0,0,0
13178,0,3,0,0,0
13293,0,0,0,1,0
14315,0,2,1,1,0
10084,0,0,0,1,0
35731,0,0,0,1,0
46863,0,1,1,0,0
9606,0,0,0,1,0
52501,0,0,0,1,1
17736,0,0,1,1,0
24692,0,0,0,0,0
32904,1,3,1,1,2
26965,1,0,0,1,0
19145,0,0,0,1,0
42371,1,3,1,1,0
44734,0,0,0,1,0
28341,0,0,1,1,0
13999,0,0,0,1,0
11241,0,1,0,0,0
42896,0,0,1,1,0
25441,0,0,0,1,0
18112,0,2,1,1,0
34317,0,1,0,0,2
51219,0,0,0,1,0
20226,0,0,0,1,0
53451,0,0,0,1,0
35681,0,0,0,1,0
42592,0,0,0,1,2
21115,0,2,0,1,0
15288,0,0,1,1,2
19646,0,0,0,1,0
51856,0,2,1,1,2
9818,0,0,0,1,0
46249,0,3,1,0,2
3838,0,0,0,0,0
20910,0,0,0,0,0
28701,0,3,1,1,0
12501,0,0,1,1,0
30151,1,3,1,1,0
20958,0,0,0,0,0
16459,0,0,0,0,0
36830,0,3,1,1,0
31735,0,0,0,1,0
45168,1,0,0,1,0
836,0,0,0,1,0
12972,0,0,0,0,0
16511,0,0,0,1,0
12028,0,0,0,0,0
12882,0,0,0,1,0
12161,0,0,0,0,0
50576,0,0,0,1,0
38264,0,3,1,1,2
17059,0,0,0,1,0
33848,0,1,0,1,2
45385,0,3,1,1,0
45159,1,0,0,1,2
22659,0,0,0,1,0
22298,0,0,0,0,0
37787,0,0,0,1,2
21956,0,0,0,1,0
41145,0,0,0,0,0
16175,0,3,0,1,0
8521,0,0,0,1,0
48503,0,0,0,1,2
7716,0,0,0,1,0
37878,0,0,0,0,0
53504,0,3,1,1,0
17556,0,0,0,0,0
6276,0,0,0,1,0
13355,0,3,0,0,0
45491,1,0,1,1,0
49494,0,3,1,1,2
38242,0,0,0,1,2
739,0,0,0,0,0
1247,0,0,0,0,0
8769,0,0,0,1,0
33982,0,0,0,1,0
35123,0,0,0,1,0
3851,0,0,0,0,0
27752,0,3,1,1,2
54716,0,0,0,1,0
9474,0,0,0,1,0
33421,0,0,1,1,2
40809,0,0,0,1,0
44237,0,3,1,1,2
33523,0,0,0,1,2
24358,0,0,0,0,0
47520,0,2,0,1,0
32138,0,0,0,1,0
45353,0,0,1,1,2
13055,0,2,0,1,0
30289,0,0,0,1,2
53292,0,2,0,1,0
35948,0,3,0,1,2
13138,0,0,0,1,0
27121,0,0,0,1,0
46876,0,0,0,1,0
29684,0,2,1,1,0
24626,0,0,0,1,0
52340,0,0,0,1,0
4164,0,0,0,1,0
28964,0,0,0,1,2
101,0,0,1,1,0
12578,0,0,0,1,0
26310,0,0,0,1,2
23896,0,0,0,0,2
53253,1,2,1,1,2
46101,0,1,1,1,2
33019,0,0,0,1,0
29893,0,0,0,1,0
17308,0,0,0,1,0
21820,0,0,0,0,0
38505,0,0,0,1,0
35822,0,3,1,1,0
26200,0,0,0,1,0
30077,0,0,0,1,2
38578,0,1,1,1,0
13849,0,0,1,1,0
36202,0,3,1,1,0
32080,0,0,0,1,0
14010,0,0,0,1,0
13718,0,0,0,1,0
36146,1,3,1,1,2
31044,0,0,0,1,0
14664,0,0,0,0,0
7549,0,0,0,0,0
20501,0,0,0,0,0
4816,0,3,1,1,0
43259,0,0,0,1,0
18643,0,0,0,0,0
54388,1,3,1,1,0
43171,0,0,0,1,0
40146,0,0,0,1,0
53991,0,0,1,1,2
14422,0,0,0,1,0
19491,0,0,0,1,0
8870,0,0,0,0,2
1529,0,0,1,1,0
22720,0,0,0,1,0
12603,0,0,0,1,0
16497,0,0,0,1,0
40698,1,3,1,1,2
0,0,0,0,1,0
3498,0,0,0,1,0
10427,0,0,0,0,0
45384,0,0,0,1,0
46020,0,0,0,1,0
27500,0,0,1,1,0
17046,0,1,0,1,0
21063,0,2,0,0,0
12274,0,0,0,1,2
27,0,0,0,1,0
5717,0,0,0,1,0
6620,0,3,0,1,0
41902,0,3,0,1,0
562,0,0,1,0,0
35166,0,1,0,1,0
25530,0,0,0,1,0
25340,0,0,0,0,0
37816,0,2,0,1,0
51112,0,3,1,1,2
49476,0,0,0,1,0
8878,0,0,1,1,0
42281,1,3,1,1,2
40001,0,0,1,1,2
7931,0,3,1,0,0
24442,0,0,0,0,2
53776,0,2,1,1,0
41073,1,2,1,1,0
35568,0,3,0,1,0
12921,0,0,0,0,0
5823,0,0,1,1,2
32572,0,0,1,1,2
6258,0,0,1,1,2
38703,0,1,1,1,0
36201,0,0,0,1,0
43225,0,3,1,1,0
34873,0,0,1,1,2
33793,0,0,0,1,0
24111,0,0,0,1,0
35313,1,3,1,1,0
13269,0,0,0,0,0
44505,0,0,0,1,2
13868,0,0,0,1,0
21286,0,0,0,1,0
44701,0,0,0,1,2
52314,0,0,0,1,0
6495,0,0,0,1,0
43008,0,0,0,1,0
31856,0,2,1,1,0
19467,0,0,0,0,0
1185,0,0,0,0,0
41033,1,1,1,1,0
47739,0,0,0,1,0
33948,0,0,1,1,2
48205,0,0,1,1,2
13953,0,0,0,1,0
43322,1,2,1,1,0
35317,0,0,0,1,0
253,0,3,1,1,2
37770,0,0,0,1,0
49287,0,2,0,1,0
11331,0,0,0,0,0
19568,0,0,0,1,0
38263,0,0,0,1,0
31443,0,0,1,1,1
734,0,3,1,1,0
8470,0,0,0,0,0
53805,0,0,0,1,2
15499,0,0,0,1,0
16514,0,0,0,1,0
2481,0,0,0,0,0
44994,1,0,1,1,0
36057,0,2,0,0,0
19685,0,0,0,0,0
22864,0,0,0,0,0
44794,0,3,0,1,0
21033,0,0,0,0,0
33036,0,0,0,1,2
28280,0,3,0,1,0
44570,0,0,0,1,2
22614,0,0,0,0,0
47800,0,0,0,1,0
47542,1,0,1,1,0
29477,0,0,1,1,0
43577,1,3,0,1,0
14059,0,0,0,0,0
25714,0,1,0,0,0
3553,0,0,0,1,0
4129,0,0,0,1,0
35219,0,0,0,1,0
6067,0,0,0,1,0
19430,0,0,0,1,0
33108,0,0,0,1,0
20603,0,0,0,0,0
1600,0,0,0,1,2
16237,0,0,0,0,0
19643,0,0,0,0,0
10589,0,0,0,1,0
28281,0,3,1,1,0
22563,0,0,0,0,0
29351,1,0,1,1,2
18833,0,0,0,0,0
54739,0,0,0,1,2
32811,0,0,0,0,0
12366,0,3,1,1,0
53869,1,0,0,1,2
5,0,0,0,0,0
44806,0,2,0,0,0
17822,0,3,0,0,0
7184,0,0,0,0,0
32853,0,0,1,1,2
14672,0,0,0,1,0
15889,0,0,0,1,0
23304,0,0,0,0,2
39672,0,0,0,1,2
10641,0,0,1,1,0
21565,0,0,0,0,2
9017,0,0,1,1,2
47721,0,0,0,1,0
24062,0,0,0,0,0
17002,0,0,1,1,0
17826,0,0,0,0,0
5530,0,0,0,0,0
18455,0,3,1,1,0
31577,0,3,1,1,2
53852,0,0,1,1,2
8336,0,0,0,0,0
14084,0,0,0,0,0
30755,0,1,1,1,0
17684,0,0,0,1,2
21724,0,0,0,0,0
15407,0,0,0,0,0
44687,0,0,0,1,0
30715,1,3,1,1,0
21946,0,3,1,1,0
46292,0,0,0,1,0
26640,0,0,0,0,0
49061,0,0,0,1,0
1161,0,0,0,1,0
45787,0,2,1,1,1
33842,0,0,0,1,2
37743,0,2,0,1,0
53098,1,0,0,1,2
23580,0,0,0,0,0
22635,0,0,0,1,2
30847,0,0,0,1,0
4163,0,1,0,0,0
51397,0,2,1,1,0
53457,0,0,0,1,0
34801,0,0,0,1,0
46654,1,1,1,1,0
44353,0,0,0,1,3
41736,0,0,1,1,0
35706,0,0,0,0,0
2880,0,0,0,0,0
630,0,0,0,1,2
26959,0,0,0,0,0
49267,0,0,0,1,2
32693,1,1,0,1,0
28174,0,2,1,1,2
447,0,0,0,0,0
37084,1,3,1,1,0
44426,0,3,0,1,0
39273,0,0,0,1,0
39796,0,0,0,1,0
53767,0,0,0,1,0
4109,0,0,0,1,0
32442,0,2,1,1,2
11900,0,1,1,1,0
42756,0,1,1,1,0
47632,1,0,0,1,0
25328,0,2,1,1,0
51144,0,0,0,1,0
41753,0,0,0,1,2
12944,0,0,0,0,0
50717,0,0,0,1,0
5908,0,0,1,1,0
6449,0,0,0,0,0
4612,0,0,0,1,0
7978,0,2,0,1,2
9387,0,0,1,1,2
1749,0,0,0,1,0
15802,0,0,0,1,0
27408,0,3,1,1,2
2305,0,0,0,1,0
16279,0,3,0,1,2
10863,0,1,0,1,0
34060,0,0,1,1,0
5160,0,0,0,0,0
42409,0,0,0,0,0
19470,0,0,0,0,0
6111,0,0,0,1,0
11691,0,0,0,1,0
103,0,0,0,1,0
39877,0,3,1,1,2
25808,0,0,0,0,0
4984,0,0,0,1,0
40388,0,0,0,1,0
29619,0,0,0,1,2
19337,0,0,0,1,0
40110,1,2,1,1,2
29064,0,3,1,1,2
28262,0,0,0,1,0
8621,0,0,0,1,0
17215,0,1,0,1,0
9409,0,0,0,0,0
24716,0,0,0,1,0
11462,0,0,1,1,0
44710,0,0,0,1,0
23445,0,0,0,0,0
47616,0,3,0,1,0
5871,0,0,0,1,0
3825,0,0,0,0,0
23789,0,0,0,1,0
35826,1,2,1,1,0
24642,0,1,1,1,0
22943,0,0,0,1,0
23265,0,2,1,1,0
28119,0,0,1,1,2
37704,0,0,1,1,2
51574,0,0,0,1,0
25492,0,0,0,1,0
38853,0,0,0,1,0
7584,0,0,0,1,0
7377,0,0,0,1,0
6060,0,0,0,1,0
11280,0,0,0,0,0
5774,0,0,0,0,0
12891,0,1,0,1,1
31733,1,3,0,1,2
4819,0,1,0,1,0
49400,1,0,0,1,0
11622,0,0,0,0,0
24299,0,0,0,1,0
19297,0,0,0,1,2
20000,0,0,0,1,0
54174,0,0,0,0,0
40723,1,0,0,1,1
18436,0,0,0,1,0
5620,0,0,0,0,0
28713,0,0,0,1,2
49492,0,0,1,1,0
32090,1,0,1,1,2
51004,0,0,0,1,0
27107,0,0,0,0,0
34928,0,3,0,1,0
13147,0,0,0,1,0
17579,0,0,0,1,0
5655,0,0,0,0,0
27762,0,0,0,1,2
31,0,0,0,0,0
40183,0,3,0,1,2
2509,0,0,0,1,0
31345,0,2,0,1,0
49,0,0,0,0,0
32619,0,0,0,1,0
54328,0,0,1,1,2
41297,0,0,0,1,0
20536,0,0,0,1,0
42072,0,0,0,1,0
36675,1,2,1,1,2
30587,1,0,0,1,0
8713,0,0,0,1,0
2802,0,0,0,0,0
22688,0,0,0,1,0
51363,0,1,0,1,0
2673,0,0,0,0,0
22078,0,0,0,1,0
15894,0,0,0,0,0
25035,0,0,0,0,0
35544,0,0,0,0,0
16686,0,0,0,1,0
1831,0,0,1,0,0
14172,0,0,0,1,0
26612,0,0,0,1,0
11793,0,0,1,1,2
38597,0,0,0,1,0
4270,0,0,0,0,0
4676,0,0,0,1,0
937,1,0,0,1,0
16264,0,0,0,0,0
4014,0,3,1,1,0
40724,0,0,0,1,0
31751,0,0,0,1,0
31411,0,3,1,1,0
23737,0,0,0,1,0
24241,0,0,1,1,0
38462,0,3,1,1,2
4278,0,0,0,1,0
48718,0,0,0,1,0
28317,0,3,1,0,1
82,0,0,0,1,0
46013,0,0,1,1,0
31830,1,1,1,1,2
33016,0,0,0,1,2
48235,0,0,0,1,0
23285,0,0,0,0,0
29289,0,0,0,1,2
9874,0,0,0,1,2
4443,0,0,0,1,0
46521,0,0,0,1,0
46770,0,0,0,0,0
52779,0,0,0,1,0
10548,0,0,0,1,0
27801,0,3,0,1,0
14017,0,0,0,1,0
29407,0,1,1,1,2
10160,0,0,0,0,0
7326,0,0,0,0,0
23049,0,0,0,0,0
40955,0,3,0,1,2
48445,0,0,0,1,0
23329,0,0,0,0,0
23119,0,0,0,1,0
9055,0,0,0,0,0
4425,0,0,0,0,0
10009,0,0,0,1,0
18346,0,0,1,1,0
41454,0,0,0,1,0
37552,0,0,0,1,0
24560,0,0,0,0,0
20599,0,0,0,0,0
11305,0,0,0,1,0
15012,0,0,0,1,0
2382,0,0,0,1,0
15622,0,0,0,1,0
8580,0,3,0,0,0
39838,0,0,1,1,2
47356,0,2,1,1,2
26863,0,0,0,0,0
32755,0,0,0,1,0
7862,0,0,0,0,0
46753,0,0,1,1,0
40486,1,1,1,1,2
35251,1,3,0,1,2
30623,1,0,0,1,0
26421,0,3,0,1,0
39844,1,0,1,1,0
15897,0,0,0,1,0
23379,0,1,0,1,0
13525,0,0,0,0,0
2356,0,0,1,1,0
50398,0,0,0,0,0
1398,0,0,0,0,3
31750,0,0,0,1,2
24899,0,0,0,0,2
50179,0,1,1,1,2
45756,0,0,0,1,2
45429,0,0,0,1,0
34631,1,0,1,1,0
44659,0,0,0,1,0
31474,0,3,1,1,0
29040,0,0,0,1,0
19076,0,1,1,0,3
27943,0,3,1,1,0
26702,0,0,0,0,0
26846,0,1,0,0,0
47023,0,3,1,1,2
45320,0,0,1,1,0
46478,0,0,0,1,0
34255,0,0,0,0,0
21524,0,0,1,1,2
38653,0,0,0,1,0
49520,0,0,0,1,2
35567,1,0,0,1,0
20140,0,0,0,1,0
22812,0,0,0,0,0
38083,0,0,0,1,0
45444,0,0,0,1,2
11218,0,0,0,1,3
8363,0,0,0,1,0
20777,0,0,0,1,0
37758,1,3,1,1,2
2648,0,0,0,1,0
48936,0,0,1,1,0
54589,0,3,1,1,0
4058,0,3,1,1,0
49262,0,3,0,1,0
49403,0,0,1,1,2
41017,0,2,0,0,0
7491,0,0,1,1,0
51783,0,0,0,1,2
28239,0,1,0,1,0
21284,0,1,0,1,2
30744,0,3,1,1,2
7871,0,0,0,1,0
35536,0,3,1,1,2
842,0,0,0,0,0
18721,0,0,0,1,2
31880,0,0,1,1,0
16548,0,0,0,1,0
9972,0,1,0,0,0
19764,0,0,0,1,0
21432,0,0,0,1,0
45843,0,3,0,1,0
6872,0,0,0,0,0
26245,0,0,0,0,0
45041,0,0,0,1,0
10835,0,0,0,1,0
42310,0,0,0,1,0
38300,0,0,0,1,0
4549,0,0,1,1,0
18270,0,0,0,0,0
32372,0,0,0,1,2
6228,0,0,0,0,0
12425,0,0,0,1,0
31071,0,1,0,1,0
53914,0,3,1,1,0
3756,0,0,0,1,0
14238,0,0,0,0,0
21443,0,0,0,0,0
53808,0,3,0,1,2
9602,0,0,0,0,0
7719,1,2,0,1,0
27561,0,0,0,1,1
18460,1,3,1,1,0
13364,0,0,0,0,0
24063,0,0,0,1,0
17075,0,0,0,1,0
38025,0,0,0,1,0
29687,0,0,0,1,0
41450,0,0,1,1,2
8051,0,0,0,1,0
14329,0,0,0,0,3
36027,0,3,1,1,0
10400,0,0,0,0,0
13800,0,0,0,1,0
48523,0,0,0,0,0
32915,0,0,0,1,0
20522,0,0,0,0,0
8425,0,0,0,0,0
18086,0,0,0,1,0
40798,0,0,1,1,2
30256,0,1,1,1,0
6286,0,0,0,0,0
25208,0,0,0,1,0
30527,0,3,1,0,0
24261,0,3,0,1,0
48454,0,0,0,1,0
49311,0,0,0,1,0
27481,0,2,1,1,2
48114,0,3,1,1,0
15705,0,0,0,1,2
52200,0,0,0,1,0
23967,0,0,0,1,2
48990,0,3,0,1,0
54401,0,0,0,1,0
20673,0,0,0,0,0
15648,0,0,0,0,0
14924,0,0,0,0,0
30447,0,0,0,0,0
29277,0,0,0,1,0
40876,0,2,0,1,2
21058,0,0,0,1,0
14149,0,1,1,1,0
29970,0,3,1,0,0
44880,0,3,1,1,2
49081,0,0,0,1,0
36407,0,3,0,1,0
2987,0,0,0,1,0
10326,0,2,0,1,0
15560,0,0,0,0,0
38443,0,0,0,1,2
16608,0,0,0,0,0
34921,0,0,0,1,0
8672,0,2,1,1,1
48586,0,0,1,1,0
15990,0,3,1,1,0
26619,0,0,0,1,0
34769,0,0,0,1,0
43107,0,3,1,1,0
28137,0,0,0,1,0
23486,0,0,0,1,0
17201,0,0,0,0,0
7609,0,0,1,1,2
43038,0,0,0,1,0
51542,1,1,0,1,2
49124,0,0,0,1,0
41368,0,0,0,1,0
6807,0,0,0,1,2
30746,0,0,1,1,0
3819,0,0,0,1,2
53256,0,0,0,1,2
30521,0,0,0,1,2
23520,0,2,0,0,3
14046,0,0,1,1,2
31315,0,0,0,1,2
1719,0,0,0,0,0
42499,1,0,1,1,0
19069,0,3,0,0,0
46785,0,0,0,1,0
16795,0,0,0,0,0
3794,0,0,0,0,0
36116,0,0,1,1,0
40700,0,0,0,1,2
11299,0,0,0,1,0
6097,0,0,0,0,0
48648,0,0,0,1,1
44870,0,3,1,1,0
33402,0,0,1,1,2
47630,0,0,0,1,0
44201,0,0,0,1,0
11889,0,1,1,1,0
20594,0,0,0,1,0
7053,0,0,0,1,0
28741,0,1,0,1,2
12127,0,1,0,1,0
33697,0,3,1,1,0
22248,0,0,0,1,0
2671,0,0,0,0,0
44757,0,0,0,1,0
3420,0,2,0,0,0
17550,0,0,0,1,0
8731,0,0,0,1,0
6962,0,2,1,1,0
29315,0,0,0,1,0
22164,0,0,0,0,0
41225,0,2,0,1,0
37267,1,0,1,1,0
36600,0,0,0,1,2
6282,0,2,0,1,0
54510,0,0,0,1,0
33044,0,0,0,0,0
26296,0,0,0,0,0
25999,0,0,0,1,0
27596,0,0,0,1,2
46914,0,0,0,0,0
23248,0,0,0,1,0
28720,0,0,0,1,0
30036,1,0,0,1,0
43733,0,0,0,1,0
38997,0,3,1,0,0
40477,0,0,1,1,2
24018,0,2,1,0,0
37670,0,0,1,1,1
35211,0,0,0,1,2
24201,0,0,0,0,0
23083,0,0,0,1,1
52756,0,0,0,1,0
36436,1,0,1,1,2
54121,1,0,0,1,0
11695,0,0,0,1,0
46961,0,2,0,1,0
5869,0,0,0,0,0
2394,0,0,0,1,0
51935,1,0,0,1,2
48832,0,2,0,1,0
5145,0,0,0,1,0
14343,0,0,0,0,0
35168,0,3,0,1,0
34217,0,0,1,1,0
18788,0,1,0,1,0
11553,0,0,1,1,0
38723,0,0,0,1,0
53532,0,0,0,1,0
18001,0,0,0,1,0
9029,0,1,0,0,0
3223,0,0,0,1,0
9141,1,0,0,1,0
43801,0,0,1,1,0
51007,0,0,0,1,2
34572,1,0,0,1,0
38595,0,0,0,1,0
50001,1,0,1,1,2
50140,1,3,1,1,2
46140,0,0,1,1,0
10069,0,0,0,1,0
21453,0,0,0,1,0
41639,0,0,0,1,0
28564,0,2,1,1,2
31436,0,0,1,1,2
24178,0,0,0,1,0
986,0,0,0,0,2
39823,0,0,0,1,0
52632,0,0,0,1,0
34092,0,0,0,1,0
33801,0,0,0,1,0
10386,0,0,0,1,0
18613,0,0,0,1,0
11007,0,0,0,1,0
28725,0,0,0,1,0
42733,0,0,0,1,0
36506,1,0,0,1,2
32165,1,0,1,1,2
40400,0,0,0,1,0
34464,0,1,0,1,0
20353,0,3,1,1,0
46817,0,3,1,1,2
51380,0,0,0,1,0
51061,0,0,0,1,2
2265,0,0,0,0,0
4428,0,0,0,1,0
28083,0,3,1,1,2
48100,0,0,1,0,2
15269,0,0,0,0,0
51756,1,3,1,1,0
46413,0,0,1,1,0
37846,0,0,1,1,2
17803,0,0,0,1,0
40918,0,0,1,1,0
13314,0,0,0,1,0
47025,0,0,0,1,2
47771,0,0,0,1,2
8071,0,0,0,1,0
53326,0,0,0,1,0
10681,0,0,0,0,0
16010,0,0,0,0,0
24934,0,3,1,1,2
36029,0,0,1,1,0
6948,0,0,0,1,0
27341,0,0,0,1,2
43192,0,0,0,1,2
18622,0,0,0,0,0
11802,0,0,0,0,0
39509,0,0,0,1,1
35266,1,0,0,1,0
49851,0,0,0,1,0
40312,0,0,0,1,2
15674,0,0,0,0,0
24119,0,0,0,1,2
52715,0,2,0,1,2
22074,0,0,0,1,0
47420,0,0,0,1,0
10905,0,0,0,1,0
19058,0,3,1,1,2
1834,0,0,0,1,0
42304,0,1,0,1,2
15382,0,0,0,1,0
19231,0,0,0,0,0
43704,1,3,1,1,2
49927,1,3,0,1,2
37333,0,0,0,1,2
36115,0,0,0,1,2
52552,0,3,1,1,0
19156,0,0,0,1,0
24871,0,0,0,0,0
38208,0,0,1,1,0
13719,0,0,0,1,0
41002,0,0,0,1,2
53685,0,0,0,1,0
3989,0,0,0,0,2
7470,0,0,0,1,0
50861,1,3,1,1,0
51484,0,3,1,1,0
15800,1,0,1,1,0
39278,0,0,0,1,2
14364,0,0,0,1,0
19522,0,0,0,1,0
28781,1,2,0,1,0
21688,0,0,0,0,0
17894,0,0,0,0,0
37925,0,0,0,1,0
45447,0,2,1,0,2
19933,0,0,0,1,0
54638,0,3,1,1,2
6997,0,0,0,1,0
42946,0,0,0,1,0
44463,0,3,1,1,0
33603,0,0,1,1,0
18104,0,0,0,1,0
48789,1,0,1,1,2
15361,0,0,0,0,0
42813,0,0,0,1,0
28468,0,0,0,1,0
51383,0,2,0,1,0
54302,0,0,0,1,0
10067,0,0,0,0,0
28166,0,0,0,0,0
19594,0,0,1,1,2
6337,0,0,0,0,0
19127,0,0,0,1,2
50523,1,0,1,1,2
44555,0,3,1,1,2
1977,0,0,0,0,0
39995,0,0,1,1,0
41546,0,3,1,1,2
46112,0,0,1,1,0
49721,0,3,0,1,0
26522,0,0,0,1,0
27747,0,1,1,1,2
30327,0,1,0,1,2
32062,0,0,0,1,2
40616,1,3,0,1,0
50309,1,1,0,0,0
44617,0,0,0,1,0
38558,0,0,0,1,0
36339,0,0,0,1,0
27139,0,0,0,1,0
7178,0,0,0,0,0
9218,0,0,0,1,0
18768,0,0,0,0,0
13631,0,0,0,0,0
9458,0,0,0,1,0
27889,0,0,0,1,0
44179,0,0,0,1,0
46184,1,0,0,1,0
4593,0,2,0,1,0
46562,0,1,0,1,0
53247,0,0,0,1,0
11654,0,2,1,1,0
44752,0,0,0,1,0
9436,0,0,0,0,0
49969,0,0,1,1,2
52541,0,0,0,1,2
15292,0,0,0,0,0
47668,0,0,1,1,2
3963,0,3,1,1,0
44529,0,3,0,1,0
20344,0,0,0,1,0
48846,0,3,1,1,0
35248,0,2,1,1,2
42909,0,0,0,0,0
25461,0,0,0,1,0
6463,0,0,0,1,0
16553,0,2,0,1,0
46944,0,0,0,1,0
42595,0,0,0,1,0
26752,0,0,0,1,0
39766,0,0,0,1,0
13477,0,0,0,0,0
25881,0,0,0,0,0
53270,1,3,1,1,0
53987,0,0,0,1,0
2972,0,0,0,1,0
28381,0,0,0,1,0
11010,0,0,0,0,0
37538,0,0,1,1,0
25196,0,0,0,1,0
9632,0,0,0,1,2
29594,0,3,1,1,2
40818,0,3,1,1,0
6814,0,2,0,0,0
12365,0,0,0,1,0
42391,0,0,0,1,0
33344,1,0,0,1,2
422,0,0,0,0,0
11857,0,0,0,0,0
23242,0,0,0,1,1
424,0,0,0,0,0
13231,0,2,1,1,2
23800,0,0,0,1,0
37270,0,0,0,1,1
30084,0,0,0,1,0
51387,0,0,0,1,0
18170,0,3,0,1,0
27885,0,0,0,1,2
45268,0,0,1,1,2
25283,0,0,0,0,0
47940,0,0,1,1,0
39569,0,0,0,1,3
5595,0,0,0,1,2
42007,0,0,0,1,0
40635,0,2,0,1,2
53482,0,0,0,1,0
20741,0,0,1,1,0
30699,0,3,0,1,0
22451,0,0,0,1,0
43559,0,0,0,1,0
52460,0,1,1,1,0
20386,0,0,0,1,0
18244,0,0,0,0,0
20478,0,0,0,1,0
18214,0,0,0,1,0
21435,0,0,0,1,0
31321,0,0,0,1,2
45588,0,3,1,1,0
12950,0,0,0,0,0
41553,0,0,0,1,2
40291,0,0,1,1,2
48647,0,1,1,1,2
23281,0,0,0,0,2
9323,0,0,0,0,0
24445,0,0,0,1,2
42695,1,0,1,1,0
12724,0,0,0,1,0
39475,0,0,0,1,0
17929,0,0,0,0,0
52346,0,0,1,1,0
46380,0,0,0,1,0
41291,0,0,0,1,0
14168,0,3,0,1,2
49440,0,0,0,1,0
32701,0,0,0,0,0
31022,0,0,0,0,0
20092,0,0,0,0,0
21050,0,0,0,0,0
44614,0,0,1,1,0
52988,0,3,0,1,0
44133,0,0,0,1,0
47362,1,0,1,1,2
3628,0,0,0,0,0
53988,0,0,0,1,0
3297,0,0,0,1,0
12192,0,0,0,1,0
15757,0,0,0,1,0
8290,0,0,0,1,0
9575,0,0,0,1,0
142,0,0,0,0,0
46259,0,3,1,1,2
25751,0,0,1,1,0
41355,0,1,0,1,0
42027,0,0,0,1,2
50491,0,0,0,1,0
12292,0,0,0,1,0
17983,0,0,0,0,0
1769,0,0,0,1,0
2597,0,0,0,1,0
32547,0,0,0,1,0
9528,0,0,0,0,0
18781,0,0,0,0,0
36306,0,3,1,1,2
5098,0,0,0,0,0
42243,0,0,1,1,2
47775,1,0,0,1,0
51365,0,0,0,1,0
43681,0,3,0,1,2
12478,0,0,0,0,0
7466,0,0,0,0,2
3675,0,0,0,0,0
30802,1,0,1,1,2
13170,0,0,0,1,0
36552,0,0,0,1,0
677,0,0,0,0,0
27904,0,0,0,1,2
19408,0,0,1,1,2
39696,1,0,0,1,2
35515,0,3,0,1,0
14816,0,0,0,1,2
12015,0,0,0,0,0
470,0,0,0,0,0
28295,0,0,0,1,0
8963,0,0,0,1,0
5437,0,0,0,1,0
36204,1,3,1,1,2
39229,0,0,0,1,0
24828,0,0,0,1,0
13506,0,0,0,1,0
27917,0,1,0,0,0
26891,0,0,0,1,0
20377,0,0,0,1,0
42436,0,1,1,1,2
53916,0,0,0,1,0
27696,1,0,1,1,0
41843,0,0,0,1,0
32397,0,0,0,1,2
1472,0,0,0,0,0
38947,0,1,0,1,0
27599,0,0,0,1,0
34107,0,0,0,1,2
45935,0,0,0,1,0
41174,0,3,0,1,2
15228,0,0,0,1,0
49391,0,1,0,0,2
50768,0,2,1,1,2
49811,0,0,0,0,0
38671,0,2,1,1,0
35147,0,0,0,1,0
50591,0,0,0,1,0
27626,0,0,0,1,2
20617,0,2,1,1,0
18030,0,1,0,0,0
18409,0,0,0,0,0
19681,0,0,0,1,0
52974,0,2,0,0,2
52759,1,0,0,1,0
21278,0,0,0,0,0
37088,0,0,0,1,0
44334,0,3,1,1,2
8523,0,0,0,1,0
44773,0,0,0,1,0
11433,0,0,0,1,0
1232,0,0,0,0,0
29604,0,0,0,1,2
5474,0,2,0,0,2
32109,0,0,1,1,0
14767,0,0,0,1,0
48103,1,2,0,0,1
43160,0,0,0,1,0
38212,0,3,1,1,2
16216,0,0,0,0,0
36111,0,0,0,1,0
27890,0,0,0,1,1
38992,0,0,1,1,2
53064,0,0,0,1,2
11964,0,0,0,1,0
27531,0,0,0,1,2
33861,0,0,1,1,0
38369,1,0,0,0,0
29256,1,3,1,0,2
6599,0,0,0,1,0
33149,0,1,0,1,0
44000,0,0,0,1,0
48024,0,2,0,1,0
32196,0,0,0,1,0
29923,0,0,1,1,0
15396,0,0,0,1,0
