id,col1,col2,col3,col4,col5,labels
14072,0,0,0,0,0,0
13693,0,0,0,1,3,0
7546,0,0,0,1,0,0
33164,0,3,1,1,1,1
33063,0,0,0,1,0,1
7985,0,0,0,0,0,0
29123,0,0,0,1,2,1
22317,0,0,0,0,0,0
19557,0,0,0,1,0,0
40365,0,0,1,1,0,1
26943,0,0,0,1,0,0
38762,0,2,1,1,0,1
29111,0,3,1,1,0,1
49112,0,0,0,1,0,1
31386,1,3,0,1,0,1
15153,0,3,1,1,0,0
39904,0,1,0,1,0,1
16793,1,0,0,1,0,0
24646,0,0,0,1,0,0
18119,0,0,0,1,0,0
30648,0,0,0,1,0,1
7853,0,0,0,1,2,0
26789,0,0,0,1,0,0
36758,0,1,0,1,0,1
53008,0,0,0,1,0,1
31650,1,0,0,1,0,1
39780,0,0,0,0,0,1
18102,0,0,0,1,2,0
13373,0,0,1,0,0,0
52539,0,0,0,1,0,1
33544,0,3,1,1,2,1
12140,0,1,0,1,0,0
16829,0,0,0,1,2,0
15733,0,0,0,0,0,0
7822,0,0,0,0,0,0
28222,0,1,0,1,0,1
33381,0,0,0,1,2,1
13513,0,0,0,0,0,0
22442,0,0,1,1,0,0
36270,0,0,0,1,0,1
39386,0,0,0,1,0,1
47710,1,2,1,1,2,1
43411,0,0,1,1,0,1
12359,0,0,0,1,0,0
20924,1,0,0,1,2,0
39984,0,0,0,1,0,1
45013,0,3,1,1,2,1
10965,0,0,0,1,0,0
17460,0,0,0,0,0,0
33405,0,0,1,1,2,1
23,0,2,1,1,2,0
27933,0,0,0,1,0,1
2126,0,0,1,1,0,0
36580,0,0,0,1,2,1
6047,0,0,0,0,0,0
45542,1,2,1,1,0,1
11620,0,0,0,1,2,0
13803,0,0,0,0,0,0
21358,0,0,0,1,0,0
34347,0,2,0,1,0,1
27543,0,0,1,1,0,1
51361,0,1,0,1,2,1
22325,0,0,0,1,0,0
6947,0,3,1,1,0,0
7746,0,0,0,0,0,0
11513,0,0,0,0,0,0
4573,0,0,0,0,0,0
36063,0,0,0,1,2,1
33802,0,3,0,1,0,1
39312,0,0,1,1,0,1
747,0,0,0,0,0,0
9842,0,0,0,1,0,0
47921,0,0,1,1,0,1
49858,0,2,1,1,2,1
13862,0,0,0,0,0,0
39744,0,0,0,1,0,1
45923,0,0,1,1,2,1
2658,0,0,0,1,0,0
28731,0,0,0,0,0,1
35038,0,3,0,1,0,1
10904,0,0,0,1,0,0
8024,0,0,0,0,0,0
50274,1,2,0,1,2,1
43028,0,0,0,1,0,1
53938,0,0,1,1,0,1
11274,0,3,0,1,0,0
51640,0,0,0,1,0,1
40423,0,0,1,1,2,1
27832,0,0,0,0,0,1
20055,0,3,1,1,0,0
50465,0,1,0,1,0,1
22888,0,0,1,1,2,0
20643,0,0,0,1,0,0
37334,0,1,0,1,2,1
19137,0,0,0,1,0,0
2951,0,0,0,0,0,0
5287,0,0,0,1,0,0
21877,0,0,0,0,0,0
7060,1,0,0,1,0,0
42489,0,0,0,1,0,1
25718,0,0,0,0,0,0
44480,0,0,1,1,0,1
35499,0,0,0,1,0,1
24607,0,0,0,1,0,0
24326,0,0,0,1,0,0
38020,0,0,0,1,2,1
26437,0,0,0,1,0,0
6225,0,0,1,1,0,0
45421,0,3,0,1,2,1
25373,0,0,1,0,0,0
35602,0,0,0,0,0,1
49020,0,0,0,1,2,1
15173,0,0,0,1,0,0
15033,0,0,0,1,0,0
13450,0,0,0,0,0,0
14510,0,0,0,1,0,0
608,0,0,0,0,0,0
8662,0,0,0,1,0,0
8097,0,0,0,0,0,0
37003,0,3,0,1,0,1
40306,0,0,0,0,0,1
12771,0,0,0,0,0,0
46513,0,0,0,1,0,1
8822,0,0,0,1,0,0
28801,0,0,1,1,0,1
16869,1,3,1,1,2,0
16495,0,1,1,1,2,0
22873,0,0,0,1,0,0
20333,0,1,1,0,0,0
21325,0,0,0,1,0,0
30132,0,3,1,1,2,1
52185,0,3,0,1,0,1
41412,0,0,0,1,2,1
29340,0,0,0,1,0,1
7362,0,0,0,0,0,0
39505,0,0,0,1,0,1
29769,0,0,0,1,1,1
12728,0,0,0,1,1,0
31654,0,3,1,1,0,1
38060,0,1,1,1,0,1
45882,0,0,0,1,2,1
25829,0,0,0,0,0,0
872,0,0,1,1,0,0
39517,0,0,0,1,0,1
42086,0,2,0,1,0,1
6725,0,0,0,1,0,0
38523,0,2,0,0,0,1
33500,0,3,0,1,2,1
7540,0,0,0,0,2,0
34943,0,0,0,1,0,1
1166,0,3,1,1,0,0
51322,0,0,0,1,0,1
768,0,0,1,1,2,0
45688,1,0,1,1,0,1
866,0,0,0,1,0,0
37208,0,0,0,0,0,1
16571,0,0,0,0,0,0
90,0,1,0,0,0,0
4767,0,0,0,1,0,0
12798,0,0,0,0,0,0
34315,0,0,0,1,2,1
22142,0,0,0,1,0,0
35482,0,0,0,1,2,1
12320,0,0,0,1,0,0
17337,0,0,0,1,2,0
20447,0,0,0,1,0,0
22455,0,3,1,0,0,0
17464,0,0,0,0,0,0
12091,0,0,0,1,0,0
51838,0,0,0,1,2,1
23464,0,0,0,1,0,0
1060,0,0,0,1,2,0
2634,0,0,0,1,0,0
31379,0,0,0,1,0,1
21602,0,0,0,0,0,0
5106,0,2,0,0,0,0
415,0,0,0,0,0,0
26932,1,0,0,1,0,0
14676,0,0,0,0,0,0
4397,0,0,0,0,0,0
52427,0,0,0,1,0,1
30785,0,0,0,0,0,1
7683,0,0,0,1,2,0
13411,0,0,0,1,0,0
45712,0,0,0,1,0,1
38055,0,2,1,1,2,1
3211,0,1,0,1,0,0
18981,0,0,0,1,0,0
41052,0,0,1,1,0,1
37350,0,0,0,1,0,1
23657,0,0,0,0,0,0
163,0,0,0,1,1,0
44276,1,1,1,1,2,1
47439,0,0,0,1,0,1
50615,0,3,0,1,0,1
2211,0,0,0,1,2,0
6958,0,0,0,0,0,0
54291,0,0,0,1,0,1
32640,0,0,0,1,0,1
44507,1,0,1,1,0,1
12480,0,0,0,0,0,0
53157,0,0,0,1,0,1
6736,0,0,0,1,0,0
11378,0,0,0,0,0,0
20993,0,0,0,0,0,0
51151,0,0,1,1,2,1
26448,0,0,0,1,0,0
32922,1,0,0,1,0,1
47150,1,3,1,1,2,1
23135,0,0,0,1,0,0
49005,0,0,0,1,0,1
45788,0,0,0,1,0,1
40555,0,0,0,1,0,1
47955,0,0,0,1,0,1
17915,0,0,0,0,0,0
19665,0,0,0,1,0,0
47125,0,2,1,1,0,1
2171,0,0,0,0,0,0
4541,0,0,0,1,0,0
7907,0,0,0,0,1,0
38491,0,0,0,1,0,1
51767,0,2,1,1,2,1
43016,0,0,1,1,2,1
34047,0,1,1,1,2,1
34167,0,0,1,1,0,1
21869,0,0,0,1,0,0
32318,0,0,0,1,0,1
45829,0,0,0,1,0,1
36014,0,1,0,1,2,1
46661,0,0,0,1,0,1
14809,0,1,0,1,0,0
50215,1,0,1,1,0,1
45981,0,0,0,1,2,1
110,0,0,0,0,0,0
32570,0,0,0,0,0,1
31142,0,0,0,1,0,1
10879,0,0,0,1,0,0
17933,0,0,0,1,0,0
31242,1,3,1,1,0,1
5099,0,0,0,0,0,0
47268,1,0,0,1,0,1
52679,0,0,0,1,0,1
2256,0,2,1,1,0,0
23909,0,0,0,1,0,0
51698,0,1,0,1,0,1
32155,1,1,0,1,2,1
15999,0,1,0,0,0,0
48300,0,3,1,1,0,1
22743,0,0,0,0,0,0
12741,0,0,1,1,0,0
50363,0,0,0,1,0,1
11226,0,0,0,1,0,0
51859,0,0,0,1,0,1
21261,0,1,0,0,0,0
30737,0,0,0,0,0,1
30441,0,0,1,1,0,1
2816,0,0,0,1,0,0
45456,0,0,1,1,2,1
52671,0,0,0,1,0,1
46637,0,3,0,0,2,1
21695,0,0,1,1,0,0
173,0,0,0,1,0,0
325,0,0,0,0,0,0
17682,0,0,0,0,0,0
5802,0,0,0,0,0,0
22482,0,0,0,1,0,0
6118,0,0,0,0,0,0
47819,0,1,0,1,2,1
2583,0,2,1,1,2,0
20181,0,0,0,0,0,0
24672,0,3,1,1,0,0
14296,0,0,0,1,3,0
50450,0,2,1,1,2,1
8451,0,0,0,0,0,0
17957,0,0,0,1,0,0
13089,0,0,0,1,2,0
40577,0,3,1,1,2,1
19089,0,0,0,1,0,0
20032,0,3,1,1,2,0
43439,1,0,0,1,0,1
24233,0,0,0,0,0,0
8578,0,0,0,0,0,0
12234,0,0,0,1,0,0
49377,0,0,1,1,2,1
34709,0,0,0,1,0,1
20526,0,0,0,1,0,0
3462,0,0,0,1,2,0
10475,0,3,1,1,0,0
34010,1,0,0,1,0,1
42917,0,0,0,1,0,1
22811,0,0,1,0,0,0
24415,0,0,0,1,0,0
45810,0,0,0,1,0,1
34408,0,0,0,1,2,1
10517,0,0,0,0,0,0
40901,0,0,0,1,0,1
20866,0,0,0,0,0,0
21561,0,1,0,0,0,0
54506,0,0,1,1,0,1
7035,0,0,0,0,0,0
3010,0,0,0,1,1,0
28056,0,0,0,1,0,1
31439,0,0,0,1,2,1
36226,0,1,0,1,0,1
12870,0,0,1,1,0,0
33166,0,0,0,0,2,1
23835,0,0,0,1,0,0
16709,0,0,0,0,0,0
47289,0,0,0,1,2,1
21131,0,0,0,1,0,0
42812,0,2,0,1,2,1
2870,0,0,0,1,0,0
25825,0,0,0,1,0,0
15681,0,0,0,1,0,0
33503,0,0,0,1,0,1
10921,0,1,0,0,0,0
18388,0,0,0,0,0,0
16254,0,0,0,0,0,0
23446,0,0,0,1,0,0
18488,0,0,0,1,1,0
28797,0,3,1,1,2,1
13540,0,0,1,1,0,0
35256,0,0,0,1,0,1
53424,0,0,0,1,0,1
41175,0,3,1,1,2,1
51858,0,0,0,0,0,1
20011,0,0,0,0,0,0
19591,0,0,0,1,0,0
6030,0,0,0,1,0,0
19632,0,0,0,1,2,0
15077,0,0,0,0,0,0
6215,0,0,0,1,0,0
11915,0,0,0,1,0,0
27212,0,0,0,1,0,0
17179,0,0,0,0,0,0
36286,0,0,0,1,2,1
21083,0,0,0,0,0,0
13728,0,0,1,1,0,0
46423,0,1,1,1,1,1
35245,0,0,0,1,2,1
14817,1,3,0,1,0,0
43504,0,0,1,1,2,1
27538,0,0,0,1,0,1
38464,0,3,0,1,0,1
17254,0,1,0,1,0,0
39954,0,0,0,1,0,1
38852,0,0,0,1,0,1
33262,0,0,1,1,0,1
49830,0,0,0,1,0,1
51309,0,0,0,1,0,1
31943,0,0,0,1,2,1
35240,0,0,0,1,0,1
5763,0,0,1,1,1,0
47179,0,0,0,1,2,1
39731,0,3,0,1,1,1
52038,0,1,0,0,2,1
28786,1,3,1,1,2,1
30981,0,3,1,1,0,1
31278,0,3,0,1,0,1
20848,0,0,0,0,1,0
24272,0,0,0,1,0,0
49600,0,0,0,1,0,1
31155,0,2,1,1,0,1
40534,0,2,0,1,0,1
35556,0,0,0,1,2,1
4198,0,0,0,0,0,0
22558,0,0,0,0,0,0
33600,0,0,0,1,0,1
17690,1,0,1,1,0,0
38760,0,0,0,1,0,1
32450,0,2,1,1,2,1
10909,0,0,0,0,0,0
14461,0,0,0,0,0,0
5231,0,0,0,1,0,0
38000,0,0,0,1,2,1
37527,0,0,0,1,2,1
35018,0,1,0,0,0,1
4550,0,0,0,0,0,0
25370,0,0,0,0,0,0
29914,1,0,1,0,0,1
51870,0,0,0,1,0,1
22385,0,0,0,1,0,0
15280,1,0,0,1,0,0
14796,0,0,0,0,0,0
32897,0,0,0,1,0,1
52598,1,0,1,1,2,1
10878,0,0,0,1,0,0
7820,0,0,0,1,0,0
46115,0,0,0,1,0,1
1208,1,0,0,1,0,0
33025,0,0,0,1,0,1
48371,1,3,1,0,0,1
25267,0,1,0,1,0,0
47532,0,1,1,1,2,1
49183,0,0,0,1,0,1
19657,0,0,0,0,0,0
36335,0,2,1,1,0,1
23931,0,0,0,1,0,0
19260,0,0,0,0,0,0
30337,0,0,0,1,2,1
16241,0,0,1,1,0,0
40747,0,0,0,1,0,1
17086,0,0,0,1,2,0
31741,0,0,0,1,2,1
7331,1,2,1,1,1,0
31578,0,0,0,0,0,1
32216,1,0,1,1,2,1
12761,0,0,0,1,0,0
6565,0,0,0,0,2,0
4167,0,0,0,1,0,0
6183,0,0,0,1,2,0
39801,0,0,1,1,0,1
35597,0,0,0,1,2,1
5480,0,0,0,1,0,0
20697,0,2,0,1,0,0
14419,0,0,0,1,0,0
19677,0,0,1,1,0,0
27038,0,0,0,0,0,0
29964,1,0,0,1,0,1
44324,0,0,0,1,0,1
15197,0,0,0,1,0,0
21785,0,0,0,0,0,0
1419,0,0,0,0,0,0
44805,0,3,1,1,0,1
47100,0,1,1,1,2,1
3733,0,0,0,1,0,0
10469,0,0,0,0,0,0
19418,0,0,0,0,0,0
40096,0,0,0,1,0,1
17288,0,0,0,1,0,0
26801,0,0,1,1,0,0
54419,0,3,1,1,2,1
13613,1,0,0,1,0,0
49017,0,0,0,1,0,1
17409,0,0,0,0,0,0
10481,0,0,0,1,0,0
5308,0,0,0,0,0,0
35182,0,3,1,1,0,1
42623,0,2,0,1,0,1
36249,1,0,1,1,0,1
30029,0,0,0,1,0,1
12084,0,0,0,1,0,0
51264,0,0,1,1,0,1
42628,0,3,1,1,2,1
53861,0,0,0,1,2,1
42635,1,3,1,1,2,1
371,0,0,0,0,0,0
51090,1,3,1,1,2,1
52638,1,0,0,1,1,1
45167,0,0,0,0,0,1
51585,0,0,0,1,2,1
6435,0,0,0,0,0,0
35284,0,0,0,1,0,1
9943,0,0,0,0,0,0
48761,0,3,1,1,0,1
19343,0,1,1,1,0,0
42982,0,3,1,1,0,1
18886,0,0,0,1,0,0
18151,0,0,0,0,3,0
4263,0,0,1,1,2,0
26086,0,2,1,1,0,0
50041,0,3,0,1,2,1
27718,0,0,0,1,0,1
6252,0,1,0,1,0,0
34842,0,0,0,1,0,1
13306,0,0,0,0,0,0
1644,0,0,0,0,0,0
4584,0,0,0,1,3,0
38569,0,0,0,1,0,1
30242,0,0,0,1,2,1
30150,1,2,1,1,2,1
53836,0,0,0,1,0,1
22178,0,2,1,1,0,0
34230,1,2,1,1,2,1
35159,0,0,0,1,2,1
24070,0,0,0,0,0,0
2412,0,0,0,1,0,0
22961,0,0,0,0,0,0
28977,1,2,1,1,2,1
39490,0,0,0,1,0,1
32002,0,2,1,1,2,1
38845,0,3,0,0,0,1
12529,0,0,1,1,0,0
51194,0,3,1,1,1,1
36494,0,3,1,1,0,1
42219,0,1,0,1,2,1
28297,0,0,0,1,2,1
52971,1,3,1,1,0,1
35750,0,1,0,1,0,1
40978,0,2,0,1,2,1
18159,0,0,0,1,0,0
37675,1,3,1,1,0,1
42380,0,0,0,1,2,1
1308,0,0,0,0,0,0
21330,0,0,0,1,0,0
8388,0,0,0,1,0,0
28973,1,0,0,1,0,1
44803,0,0,0,1,0,1
17809,0,0,0,1,0,0
15079,0,0,0,1,0,0
47364,1,0,1,1,2,1
13255,0,0,0,0,0,0
5536,0,0,0,0,0,0
39407,0,0,0,1,2,1
2715,0,0,0,1,0,0
42111,0,2,1,1,2,1
52775,0,0,0,1,0,1
30911,1,0,0,1,0,1
43803,0,0,0,1,0,1
34914,0,3,1,0,0,1
3334,0,0,0,0,0,0
1887,0,0,0,1,0,0
14374,0,0,0,1,0,0
7700,0,0,0,1,0,0
38923,0,0,0,1,0,1
46370,0,1,1,1,2,1
25520,0,0,0,0,0,0
16569,0,0,0,1,0,0
50604,1,0,1,1,0,1
33238,1,0,1,1,0,1
21222,0,0,0,1,0,0
50581,0,0,0,1,0,1
52586,0,0,0,1,0,1
50027,0,0,0,1,2,1
7802,0,0,0,1,0,0
32494,0,1,0,1,0,1
4024,0,0,0,1,0,0
7720,0,0,0,1,0,0
18838,0,0,0,0,0,0
34460,0,3,0,1,0,1
28164,0,0,0,1,0,1
47722,0,0,0,1,0,1
4872,0,0,0,1,0,0
50696,0,0,0,1,0,1
25374,0,0,0,1,2,0
43499,0,0,0,1,0,1
52263,0,0,0,1,0,1
12180,0,0,0,1,0,0
27084,0,0,0,1,0,0
47777,1,0,0,1,2,1
20466,1,1,1,1,0,0
50223,0,3,1,1,2,1
14975,0,0,0,0,0,0
20332,0,0,0,0,3,0
22675,0,0,0,1,0,0
6605,0,0,0,0,0,0
20915,0,3,1,0,0,0
29077,0,0,0,1,2,1
53268,0,0,0,1,0,1
50875,0,0,0,1,0,1
40368,0,0,0,1,0,1
40822,0,0,0,1,2,1
8667,0,0,0,1,2,0
25667,0,0,0,0,0,0
34859,0,0,0,1,0,1
31766,0,0,1,1,2,1
17104,0,0,1,1,1,0
29014,0,0,0,1,0,1
34286,0,0,0,1,0,1
21520,0,0,0,1,2,0
34129,0,0,0,1,2,1
9064,0,0,0,1,0,0
27496,1,3,1,1,0,1
18544,0,0,0,1,0,0
12694,0,0,0,1,0,0
34445,0,3,0,1,0,1
52562,0,0,0,0,0,1
42275,0,3,1,0,0,1
41084,0,0,1,1,1,1
48707,0,0,0,1,0,1
15678,0,0,0,1,0,0
52267,0,0,0,1,0,1
5542,0,0,0,0,0,0
53243,0,1,1,1,2,1
13294,0,0,0,0,0,0
37683,0,0,1,1,2,1
11372,0,0,0,1,0,0
32395,0,0,0,1,2,1
23949,0,0,0,1,2,0
18155,0,1,1,1,0,0
30636,0,0,0,1,0,1
49164,1,0,0,1,2,1
42892,0,0,0,0,0,1
19276,0,0,0,1,0,0
38481,0,3,1,1,0,1
54342,0,0,0,1,0,1
36641,0,0,0,1,0,1
16629,0,0,0,1,2,0
28292,0,1,1,1,2,1
2716,0,0,0,1,0,0
24303,0,0,0,1,0,0
39112,0,0,0,1,0,1
39847,0,2,0,1,0,1
42588,1,0,0,1,0,1
52135,0,3,0,1,0,1
18474,0,0,0,0,0,0
5155,0,0,0,0,0,0
41892,0,0,0,1,0,1
15962,0,3,0,0,2,0
10600,0,0,1,1,0,0
40366,0,0,0,1,0,1
52607,0,0,0,1,2,1
848,0,0,0,1,0,0
50698,0,0,0,1,0,1
4196,0,0,0,1,0,0
2650,0,0,0,1,1,0
43555,0,0,0,1,0,1
30664,0,0,0,1,0,1
1294,0,0,0,1,0,0
5330,0,0,0,1,0,0
53801,0,0,0,1,2,1
27248,0,1,0,1,0,0
20077,0,0,0,1,1,0
44493,0,0,0,0,0,1
8803,0,0,0,0,0,0
42233,1,3,1,1,2,1
19221,0,0,0,1,0,0
31934,0,3,1,1,1,1
25003,0,0,0,0,0,0
18753,0,0,0,0,0,0
48399,0,0,0,1,0,1
39099,0,2,1,0,0,1
44095,0,0,0,1,0,1
41479,0,3,1,1,2,1
37300,0,3,0,1,0,1
11396,0,0,0,0,0,0
41579,1,0,1,0,0,1
15315,0,0,0,1,0,0
46806,0,2,1,1,2,1
35844,0,0,0,1,0,1
47877,0,2,0,1,0,1
4384,0,0,0,1,0,0
44723,0,0,1,1,0,1
9370,0,0,0,0,0,0
50561,0,0,1,1,0,1
8698,0,0,0,1,0,0
45011,0,0,0,1,0,1
16729,0,0,0,1,0,0
47231,0,3,1,1,0,1
43340,0,3,1,1,0,1
17659,0,0,0,0,0,0
17170,0,0,0,1,0,0
3534,0,1,0,1,0,0
34342,1,0,1,1,2,1
15755,0,0,0,0,0,0
44228,0,0,0,1,0,1
46779,1,0,0,1,0,1
1321,0,0,0,0,0,0
40928,1,1,1,1,0,1
33552,0,0,0,1,0,1
43959,0,0,0,1,0,1
12504,0,0,0,0,0,0
29481,0,0,0,1,0,1
29634,0,0,1,1,0,1
25517,0,0,0,1,0,0
26633,0,2,0,0,0,0
22534,0,0,0,1,0,0
41266,0,3,1,1,0,1
16002,0,0,0,0,0,0
44315,0,2,1,1,0,1
34066,0,1,1,0,0,1
45639,0,3,0,1,1,1
16760,0,3,1,0,2,0
38171,0,0,0,0,0,1
19936,0,0,0,0,2,0
31129,0,3,1,1,0,1
31396,0,3,1,1,0,1
5284,0,0,0,0,0,0
40871,0,0,1,1,2,1
34022,0,1,1,1,0,1
13182,0,3,1,1,2,0
21547,0,0,0,0,0,0
10737,0,0,0,1,0,0
3686,0,0,0,1,0,0
21030,0,0,0,0,0,0
6765,0,0,0,0,0,0
47450,0,2,1,0,2,1
36082,0,1,0,1,0,1
10852,0,1,0,0,0,0
2606,0,3,0,1,2,0
24280,0,0,1,0,0,0
32959,0,0,0,1,2,1
6996,0,0,0,1,0,0
15494,0,0,0,0,0,0
17047,0,0,0,1,0,0
22498,0,0,0,1,0,0
42026,0,0,0,1,0,1
30829,1,0,0,1,2,1
1539,0,0,1,1,0,0
17281,0,0,0,0,0,0
50914,1,3,1,1,2,1
46275,1,1,0,1,2,1
10444,0,0,0,1,2,0
30668,0,0,0,1,0,1
23118,0,0,0,0,0,0
24395,0,1,1,1,0,0
21669,0,0,0,1,0,0
51826,0,0,0,1,0,1
51647,0,0,0,1,2,1
12362,0,0,0,1,0,0
8073,0,0,0,0,0,0
15375,0,0,0,0,0,0
27245,0,2,1,1,0,0
18596,0,0,0,1,2,0
16588,0,0,0,1,0,0
12171,0,0,0,1,0,0
11449,0,0,0,0,0,0
4832,0,0,0,1,0,0
1444,0,0,0,0,0,0
47270,0,0,0,1,0,1
703,0,3,1,0,0,0
14225,1,1,1,1,0,0
46843,0,2,0,1,0,1
24787,0,0,0,0,0,0
52746,0,0,0,1,0,1
44143,0,3,1,1,2,1
22759,0,0,0,1,0,0
20178,0,0,1,1,0,0
53069,0,0,0,1,0,1
6054,0,0,0,1,0,0
520,0,3,1,1,0,0
51195,0,0,1,1,0,1
7154,0,0,0,1,0,0
50439,0,0,0,1,2,1
35146,0,0,0,1,2,1
30832,0,0,0,0,0,1
35825,0,2,0,1,0,1
53565,1,1,0,1,2,1
5905,0,0,0,1,0,0
50701,0,0,0,1,0,1
31355,0,0,1,1,0,1
12175,0,0,0,1,0,0
28927,0,2,1,1,2,1
48634,1,0,0,1,0,1
20355,0,2,0,1,0,0
577,0,0,0,1,0,0
29214,0,0,0,1,2,1
35980,1,0,1,1,2,1
11851,0,0,0,1,0,0
2705,0,0,0,0,0,0
33240,1,2,1,1,0,1
27570,0,0,1,1,2,1
7378,0,0,0,1,0,0
39608,0,0,0,1,0,1
19287,0,0,0,1,0,0
7730,0,0,0,1,2,0
24016,0,0,0,1,1,0
31528,0,0,1,1,2,1
20215,0,0,1,1,0,0
36574,0,0,0,1,2,1
33154,0,0,1,1,0,1
29383,0,2,1,1,2,1
34352,0,0,0,1,0,1
24606,0,0,0,0,0,0
13594,0,0,0,0,0,0
28538,0,0,0,1,0,1
50633,0,0,1,1,0,1
21643,0,0,0,0,0,0
4620,0,0,0,0,0,0
52430,0,2,0,1,0,1
27874,1,1,1,1,0,1
42209,0,0,0,1,0,1
38469,0,0,0,1,0,1
31954,0,2,0,1,0,1
35812,0,0,0,1,0,1
47507,0,0,0,1,0,1
48269,0,0,0,1,0,1
2890,0,0,0,1,0,0
106,0,0,0,0,0,0
31554,1,3,1,1,2,1
29515,0,3,1,1,0,1
18342,0,0,0,1,0,0
17467,0,0,0,0,0,0
13652,1,0,0,1,0,0
7088,0,3,1,1,0,0
38466,0,0,0,0,0,1
22830,0,0,0,0,0,0
19661,0,2,0,0,0,0
3646,0,0,0,1,2,0
30053,0,1,0,0,2,1
28384,0,0,0,0,0,1
47426,0,1,0,1,0,1
3969,0,0,0,1,0,0
45115,0,0,1,1,2,1
14236,0,0,0,1,0,0
6574,0,0,0,1,2,0
11663,0,1,1,1,2,0
9497,0,0,0,0,0,0
1822,0,2,0,0,0,0
19437,0,0,0,1,0,0
37198,0,0,0,0,2,1
49751,1,3,1,1,0,1
45598,0,3,0,1,0,1
14367,0,0,0,0,0,0
40099,0,0,0,1,0,1
32732,0,0,0,1,0,1
34489,1,0,1,1,2,1
20562,0,0,0,0,0,0
43231,1,3,1,1,2,1
36399,0,0,0,1,0,1
5268,0,3,0,1,0,0
9811,0,3,1,0,0,0
27861,0,3,0,1,2,1
1756,0,0,0,0,0,0
33954,0,3,1,1,0,1
45681,1,0,0,1,0,1
43570,0,0,1,1,0,1
29903,1,0,0,1,0,1
12056,0,0,0,1,0,0
27327,0,0,0,0,0,0
23712,0,0,0,1,0,0
44337,0,3,1,1,2,1
248,0,0,0,1,0,0
30651,0,0,1,1,0,1
47842,0,0,0,0,0,1
18530,0,0,0,0,2,0
29229,0,2,1,1,2,1
22858,0,0,0,1,0,0
38130,1,1,0,1,0,1
22057,0,1,0,0,0,0
48266,0,1,0,1,2,1
53567,0,2,0,1,2,1
31779,1,0,0,1,0,1
9213,0,0,0,0,0,0
52718,0,0,0,1,0,1
48091,0,0,0,1,0,1
36851,0,2,1,1,0,1
18720,0,0,0,1,0,0
39376,0,0,1,0,1,1
12546,0,0,0,1,0,0
2856,0,0,0,1,0,0
9462,0,0,0,0,0,0
53841,0,2,1,1,2,1
6075,0,0,0,1,0,0
36061,0,3,0,0,0,1
35385,0,0,0,1,1,1
28013,0,0,0,1,0,1
52219,1,0,0,1,0,1
33001,1,0,0,1,0,1
27163,0,0,0,1,0,0
40746,1,0,0,1,0,1
25233,0,0,1,1,0,0
11529,0,0,0,1,0,0
48377,0,0,0,1,0,1
29372,0,0,1,1,0,1
50566,0,3,1,1,0,1
2868,0,0,1,1,0,0
2415,0,0,0,1,0,0
2282,0,0,0,0,0,0
13814,0,0,0,1,0,0
52022,0,0,0,1,1,1
31955,0,0,1,1,0,1
28999,0,0,0,1,0,1
5593,0,0,0,1,0,0
30851,0,0,0,1,0,1
3937,0,0,0,0,0,0
1825,0,0,0,1,0,0
11782,0,0,0,0,0,0
37786,1,3,0,1,0,1
10628,0,0,0,1,0,0
46599,1,3,1,1,2,1
26386,0,0,0,0,0,0
42221,1,0,0,0,2,1
28132,0,1,1,1,0,1
32844,0,0,1,1,0,1
23337,0,0,0,0,0,0
19295,0,0,0,1,0,0
47810,1,0,0,1,2,1
37823,0,0,0,1,2,1
19028,0,0,0,0,0,0
35619,0,0,0,1,0,1
22933,0,0,0,1,0,0
18202,0,0,0,1,0,0
41067,0,2,1,1,2,1
7665,0,0,0,1,0,0
14336,0,0,0,1,0,0
23422,0,0,0,1,0,0
42002,0,0,0,1,2,1
37354,1,3,0,1,0,1
41154,0,0,1,1,2,1
29071,0,0,0,0,0,1
45844,0,3,0,1,0,1
52850,0,0,1,1,2,1
5210,0,0,0,0,0,0
28785,0,3,1,1,2,1
37904,0,0,0,1,0,1
46718,0,0,0,0,0,1
33937,0,0,1,1,0,1
30461,0,0,0,1,0,1
16281,0,0,0,1,0,0
54595,1,3,1,1,1,1
30514,0,0,0,1,0,1
37623,0,0,0,1,0,1
15792,0,0,0,1,0,0
37467,0,0,0,1,2,1
30249,0,3,1,1,0,1
22223,0,0,0,0,0,0
51620,1,3,1,1,0,1
5808,0,0,0,1,0,0
52408,0,3,1,1,0,1
37085,0,0,0,1,2,1
16860,0,0,0,0,0,0
37751,0,0,0,1,0,1
27803,0,0,0,0,0,1
44791,1,1,1,1,0,1
33886,0,3,1,1,0,1
24058,0,0,0,0,0,0
25988,0,0,0,1,0,0
53534,0,2,1,1,0,1
14712,0,0,0,0,0,0
52840,0,0,1,1,0,1
35960,0,2,1,1,0,1
39084,0,0,0,1,0,1
48720,0,0,0,0,0,1
450,0,0,0,1,0,0
26937,0,0,0,0,0,0
50952,0,0,0,1,0,1
19662,0,0,0,1,0,0
34557,0,0,0,1,0,1
29752,0,0,0,1,2,1
32444,0,0,0,1,0,1
51106,0,0,0,1,0,1
32661,1,1,0,1,2,1
33100,0,0,1,1,2,1
27270,0,0,0,1,0,0
20736,0,0,0,0,0,0
39003,0,1,0,1,0,1
54128,1,0,0,1,0,1
14380,0,1,0,0,2,0
6135,0,0,0,1,0,0
47593,0,0,0,1,0,1
35011,0,0,0,1,0,1
11348,0,0,0,1,0,0
37880,0,0,0,1,2,1
42412,0,0,0,1,0,1
1071,0,0,0,0,0,0
40228,0,0,1,1,1,1
42053,0,3,0,1,2,1
5276,0,0,0,0,0,0
2299,0,0,0,1,0,0
38257,0,0,0,1,2,1
2996,0,0,0,1,0,0
16004,0,0,0,1,0,0
31677,0,1,1,1,0,1
5388,0,0,0,1,0,0
13817,0,2,1,0,2,0
45750,0,0,0,1,0,1
14275,0,0,0,0,0,0
833,0,0,0,0,0,0
1040,0,0,0,0,0,0
20058,0,0,0,1,0,0
17908,0,0,0,1,0,0
33205,0,2,1,1,0,1
10335,0,0,0,1,0,0
39964,0,0,0,1,0,1
17373,0,3,1,1,2,0
799,0,0,0,0,0,0
21051,0,0,0,1,1,0
18821,0,0,0,1,1,0
25231,0,0,0,0,0,0
47005,1,0,0,1,0,1
246,0,0,0,0,0,0
52080,0,3,1,1,0,1
29774,0,0,0,1,0,1
28189,0,0,0,1,0,1
7520,0,0,0,1,0,0
31594,0,2,1,1,0,1
28993,0,0,0,1,0,1
3880,0,0,0,0,2,0
11339,0,0,0,1,0,0
50090,1,0,1,1,0,1
45366,0,3,1,1,0,1
41941,1,0,0,1,0,1
30212,0,3,1,1,2,1
50370,1,0,1,1,2,1
10655,0,0,0,1,0,0
26095,0,0,0,1,0,0
13249,0,0,0,0,0,0
36959,0,0,0,1,0,1
13206,0,3,1,1,0,0
23412,0,0,0,1,2,0
23811,0,0,0,1,2,0
7710,0,0,0,0,0,0
30215,0,0,0,1,0,1
35688,1,3,1,1,1,1
42359,0,3,0,1,2,1
5809,0,0,1,1,0,0
15919,0,0,0,0,0,0
35027,0,0,1,1,2,1
24887,0,0,0,1,0,0
18462,0,0,0,0,0,0
12276,0,0,0,1,0,0
4946,0,0,0,0,2,0
46619,0,1,0,0,0,1
13832,0,0,0,1,0,0
52496,0,1,0,1,2,1
53804,0,0,0,1,0,1
51880,0,3,0,0,0,1
31070,1,3,1,1,0,1
7884,0,1,0,0,0,0
21336,0,0,0,0,0,0
44283,0,0,0,1,0,1
23214,0,0,0,1,0,0
46407,1,0,1,1,0,1
6068,0,1,0,0,0,0
14089,0,0,0,0,0,0
25850,0,0,0,0,0,0
34283,1,0,0,1,0,1
13954,0,0,0,0,0,0
46047,0,0,0,1,0,1
50685,0,1,0,1,0,1
20928,0,0,0,0,0,0
2910,0,0,0,1,0,0
13556,1,3,1,0,1,0
50134,0,0,0,1,0,1
19311,0,0,0,1,0,0
19700,0,0,0,1,0,0
9,0,0,0,1,0,0
3928,0,0,0,0,0,0
20195,0,0,0,0,0,0
15665,0,0,0,1,0,0
9128,0,0,0,1,0,0
41493,0,3,0,0,0,1
51875,0,3,1,1,0,1
932,0,0,0,0,0,0
20789,0,3,1,1,2,0
48645,0,0,0,1,2,1
39188,0,0,0,1,0,1
42820,0,0,0,0,2,1
3314,0,3,1,1,2,0
51997,1,1,1,1,0,1
9421,0,0,0,0,0,0
41421,0,0,0,1,2,1
20246,0,0,0,1,0,0
6451,0,0,0,0,0,0
40890,0,0,0,1,0,1
39911,0,0,0,1,0,1
24296,0,0,0,0,0,0
2962,0,0,0,1,0,0
51582,0,0,1,1,0,1
4187,0,0,0,1,0,0
50401,0,0,0,1,0,1
30589,0,0,0,1,2,1
26267,1,0,0,0,0,0
6464,0,0,0,1,0,0
11839,0,0,1,1,0,0
49393,0,3,1,1,0,1
43368,0,0,0,1,0,1
1871,0,0,0,0,0,0
14120,0,0,0,1,0,0
3473,0,0,1,1,0,0
34624,0,2,0,1,0,1
3588,0,0,0,1,0,0
48159,0,1,0,1,2,1
2238,0,0,1,1,0,0
48651,0,3,1,1,2,1
18873,0,0,0,0,0,0
48621,1,0,0,1,2,1
40754,0,3,1,1,0,1
29898,0,3,0,1,0,1
6912,0,2,1,1,0,0
2388,0,0,0,0,0,0
1764,0,0,0,0,0,0
40473,0,0,0,1,0,1
53617,0,1,0,1,0,1
10885,0,0,0,0,0,0
53551,0,2,0,1,0,1
19035,0,0,0,0,0,0
18019,0,0,0,1,0,0
27152,0,0,0,0,0,0
44939,0,2,0,1,0,1
38403,1,2,1,1,0,1
9927,0,0,0,0,0,0
39896,0,0,0,1,0,1
49760,0,2,1,1,0,1
53149,0,0,0,0,0,1
15323,0,0,0,1,0,0
33147,0,0,0,0,0,1
16336,0,0,0,0,0,0
23591,0,0,0,0,0,0
45373,0,3,0,1,2,1
30830,0,3,1,1,0,1
9206,0,0,0,0,0,0
32867,0,0,1,1,2,1
4636,0,0,0,0,0,0
25668,1,0,0,0,0,0
2948,0,0,0,1,0,0
38258,0,0,0,1,0,1
45929,0,2,0,1,2,1
52857,0,0,0,1,0,1
11552,0,0,0,0,0,0
28401,1,3,1,1,2,1
31237,1,0,0,1,0,1
40332,1,0,1,1,0,1
6722,0,0,0,1,0,0
41915,0,0,0,1,0,1
17118,0,0,0,0,0,0
10617,0,0,0,1,0,0
2254,0,0,0,1,0,0
6611,0,1,0,1,0,0
8786,0,0,0,0,3,0
54456,0,0,1,1,0,1
40442,0,3,1,1,2,1
14735,0,0,0,1,1,0
21046,0,3,0,1,0,0
39827,0,0,0,1,2,1
2609,0,0,0,0,0,0
6517,0,3,0,1,0,0
36558,0,0,0,1,0,1
47258,0,0,0,1,0,1
52175,1,3,1,1,0,1
33376,0,0,1,1,2,1
3390,1,1,1,1,2,0
46565,1,1,1,1,0,1
20451,0,2,1,1,0,0
1733,0,0,0,1,0,0
3933,0,0,0,0,0,0
12255,0,0,0,1,2,0
29433,0,1,1,1,0,1
24324,0,0,0,1,0,0
40303,0,0,0,1,0,1
36806,0,0,0,1,2,1
36140,0,0,0,1,2,1
40527,0,0,0,1,2,1
12753,0,0,0,1,0,0
53052,1,2,1,0,2,1
32847,1,2,0,1,0,1
45183,0,0,1,1,0,1
8329,0,1,0,0,0,0
16640,0,0,1,1,0,0
44993,0,0,0,1,0,1
26953,0,0,0,0,0,0
41307,0,0,1,1,2,1
3626,0,0,0,0,3,0
31851,0,0,0,1,2,1
48093,0,0,0,1,0,1
40011,0,0,0,1,0,1
3879,0,0,0,1,0,0
27580,0,0,1,1,0,1
21734,1,0,0,1,2,0
36243,0,0,0,1,0,1
13278,0,0,0,1,0,0
26356,0,0,0,1,0,0
30209,0,0,0,1,0,1
516,0,0,0,0,0,0
24683,0,0,0,1,2,0
24017,0,0,0,0,0,0
35891,0,3,1,1,2,1
1846,0,0,0,0,0,0
45310,0,0,0,1,0,1
33450,0,0,0,1,2,1
51454,0,0,0,1,0,1
43879,0,0,0,1,2,1
28156,0,0,0,1,2,1
15193,0,0,0,0,0,0
33167,0,0,1,1,0,1
25994,0,0,1,1,0,0
25450,0,0,1,1,2,0
14822,0,0,0,1,2,0
51105,0,0,0,1,0,1
8644,0,0,0,0,0,0
250,0,0,0,1,0,0
40,0,1,0,0,0,0
10887,0,0,0,1,0,0
27859,0,3,1,1,0,1
40593,0,0,1,1,2,1
15944,0,0,1,1,0,0
14151,1,0,0,1,0,0
13770,0,0,0,0,0,0
19725,0,0,1,1,0,0
31693,0,1,1,1,2,1
7814,0,3,1,1,2,0
2845,0,0,0,1,0,0
16111,0,0,0,1,0,0
20688,0,0,1,0,0,0
46243,0,0,0,1,0,1
43063,0,0,0,1,0,1
5540,0,0,0,0,0,0
41443,0,1,0,1,0,1
8421,0,0,0,0,0,0
23221,0,0,0,1,0,0
25729,0,0,0,0,0,0
20504,1,0,0,1,0,0
29308,0,2,1,0,2,1
16593,0,0,0,0,0,0
44648,0,1,0,1,0,1
14852,0,0,0,0,0,0
43363,0,3,1,0,0,1
28653,0,0,0,1,0,1
48849,0,0,0,1,0,1
34321,1,0,1,1,2,1
21020,0,0,0,1,0,0
3474,0,3,1,1,0,0
28658,0,1,1,1,2,1
10707,0,0,0,1,0,0
47435,0,2,1,0,2,1
13162,0,0,0,0,0,0
50289,0,0,0,0,0,1
14879,0,0,0,0,0,0
31464,0,0,1,1,0,1
42108,1,3,1,1,0,1
17473,0,0,0,1,0,0
51292,1,3,1,1,0,1
47641,0,0,0,1,0,1
5360,1,0,0,1,0,0
34294,0,0,0,1,0,1
39945,0,1,0,0,3,1
30438,0,1,1,1,2,1
5125,0,0,0,1,0,0
1414,0,3,0,1,0,0
20410,0,0,0,1,0,0
41312,0,0,0,1,0,1
53468,1,1,0,1,0,1
46524,0,0,0,1,2,1
40418,0,3,0,1,2,1
25452,0,0,0,1,0,0
23460,0,0,0,0,0,0
26475,0,0,0,0,0,0
54255,0,0,0,1,2,1
20852,0,1,0,0,0,0
728,0,0,0,1,0,0
8999,0,0,0,0,0,0
6624,0,0,0,1,0,0
51650,0,2,0,1,2,1
23772,0,0,0,0,2,0
21750,0,0,0,1,0,0
19610,0,0,0,0,0,0
26094,0,0,0,0,0,0
15002,0,0,0,1,2,0
8404,0,0,0,1,0,0
5770,0,0,0,1,0,0
15921,0,3,1,1,0,0
48534,0,0,0,1,2,1
50933,0,3,1,1,0,1
21710,0,1,1,0,0,0
41085,0,0,0,1,0,1
53903,0,0,0,1,0,1
16042,0,0,0,1,0,0
18385,0,0,0,1,0,0
38747,0,0,0,1,0,1
15888,0,0,0,1,0,0
18111,0,0,0,0,0,0
53279,0,0,1,1,0,1
33789,0,0,0,1,2,1
13538,0,0,0,1,0,0
51487,0,0,0,1,0,1
46901,0,0,0,1,0,1
36403,1,3,1,1,1,1
36223,0,3,1,0,2,1
43353,0,0,1,1,0,1
46782,0,0,0,1,0,1
16706,0,0,0,1,0,0
44682,0,2,0,1,0,1
18479,0,0,0,1,0,0
51713,0,3,1,1,0,1
17832,0,1,1,0,0,0
23291,0,0,0,0,2,0
31134,0,2,1,1,0,1
22203,0,0,0,1,0,0
5882,0,0,0,0,0,0
18958,0,0,1,0,0,0
8365,0,0,1,1,0,0
37834,0,3,1,1,0,1
2601,0,0,0,1,0,0
49866,0,0,0,1,0,1
44359,0,3,1,1,1,1
22406,0,0,0,1,0,0
36551,0,0,0,1,0,1
25195,0,1,0,1,0,0
47107,0,0,0,1,0,1
18382,0,0,0,0,0,0
27656,0,0,0,0,0,1
35862,0,0,1,1,0,1
7808,0,0,0,0,0,0
54266,0,0,0,1,0,1
21531,0,0,0,0,0,0
45044,0,3,1,1,0,1
35754,0,0,0,1,2,1
21708,0,0,0,1,0,0
50589,1,0,0,1,2,1
29501,1,0,0,1,0,1
47809,0,0,0,1,0,1
23713,0,0,0,1,0,0
4553,0,0,0,0,0,0
10733,0,0,0,0,0,0
25489,0,0,0,1,0,0
41772,0,3,1,1,2,1
22185,0,0,0,1,0,0
8014,0,3,1,1,0,0
14065,0,0,0,1,0,0
26477,0,0,0,1,0,0
26018,0,0,0,0,0,0
4983,0,0,0,0,0,0
51334,0,0,1,1,0,1
4761,0,3,1,1,2,0
1387,0,0,0,1,2,0
2554,0,0,0,0,0,0
43928,0,0,0,1,0,1
21842,0,0,0,1,2,0
5700,0,0,0,1,0,0
24421,0,0,0,1,0,0
25956,0,0,0,0,0,0
50299,0,0,1,1,0,1
38899,0,0,0,1,0,1
16493,0,0,0,0,0,0
27691,0,0,1,1,0,1
10312,0,0,0,1,0,0
13766,0,0,0,1,0,0
1759,0,0,0,1,0,0
25933,0,0,0,0,0,0
27620,0,0,0,1,2,1
6427,0,0,0,1,0,0
50998,0,0,0,0,0,1
8857,0,0,0,0,0,0
13290,0,0,0,0,0,0
5517,0,3,0,0,0,0
12230,0,0,0,0,0,0
7454,0,0,0,0,0,0
30758,0,0,1,1,0,1
24671,0,0,0,0,0,0
51496,0,0,0,1,0,1
10303,0,0,0,1,2,0
10803,0,0,0,1,0,0
2929,0,0,1,1,2,0
27030,0,0,0,0,0,0
34792,0,0,1,1,0,1
37419,1,3,1,1,0,1
49897,0,0,1,1,2,1
12024,0,0,0,0,0,0
15203,0,0,1,0,0,0
30219,0,0,0,1,0,1
51963,0,0,0,0,2,1
49749,1,1,0,1,0,1
38245,0,0,1,1,0,1
35662,0,3,1,0,0,1
28380,0,0,0,1,0,1
41428,0,0,1,1,0,1
51067,0,0,0,0,0,1
28425,0,3,1,1,0,1
11887,0,0,0,1,0,0
538,0,0,0,1,0,0
17781,0,0,0,1,0,0
2400,0,0,0,0,0,0
8462,0,0,0,0,0,0
33641,0,0,1,1,0,1
51682,0,0,0,0,2,1
7493,0,0,0,1,0,0
26251,0,0,0,1,0,0
26038,0,0,0,1,0,0
34388,0,0,1,1,2,1
32204,0,3,1,1,0,1
33890,1,0,1,1,0,1
14627,0,0,1,1,0,0
34638,0,3,0,1,0,1
28120,0,0,0,1,0,1
37233,1,0,0,1,0,1
17016,0,0,0,1,2,0
46535,0,1,0,1,0,1
17733,0,0,0,0,0,0
46522,0,0,0,1,0,1
16275,0,0,0,0,0,0
11758,0,0,0,0,0,0
30591,0,0,0,1,2,1
18394,0,0,0,0,3,0
17099,0,0,0,0,0,0
8770,0,0,0,1,0,0
46297,0,0,0,1,0,1
52973,0,3,1,1,2,1
53372,0,3,1,0,0,1
2881,0,0,0,1,0,0
42571,0,0,0,1,2,1
27632,0,0,1,1,0,1
18293,0,0,0,1,0,0
18502,0,0,0,0,0,0
29849,0,2,0,1,0,1
19885,0,0,0,1,0,0
39642,0,0,0,1,0,1
48877,0,0,0,1,0,1
17760,0,0,0,0,0,0
23656,0,0,0,0,0,0
21634,0,0,0,1,0,0
45439,1,1,1,1,2,1
2878,0,0,1,1,0,0
1564,0,0,0,0,0,0
23054,0,0,0,1,0,0
37961,1,2,0,1,2,1
47198,0,2,1,1,0,1
39363,0,1,1,1,0,1
26142,0,0,0,0,0,0
23454,0,0,0,1,0,0
12812,0,0,0,1,0,0
11401,1,0,0,1,0,0
40374,0,0,0,1,0,1
25229,0,0,0,0,0,0
10391,0,0,0,1,0,0
39843,0,0,0,1,0,1
21310,0,0,0,1,0,0
42721,0,0,1,1,2,1
7675,0,0,0,1,0,0
33297,0,1,1,1,0,1
12226,0,0,0,0,0,0
15238,0,1,0,0,0,0
34032,0,0,1,1,2,1
48940,0,0,1,1,0,1
45478,0,2,1,1,2,1
10619,0,0,0,1,0,0
54100,0,0,0,1,0,1
5662,0,0,0,0,0,0
54582,0,0,0,1,2,1
37608,0,0,0,1,0,1
28800,0,0,0,1,0,1
53304,0,0,0,1,2,1
31587,0,0,0,0,0,1
34644,0,0,0,1,0,1
24437,0,0,0,1,0,0
41251,1,1,1,1,0,1
53478,0,0,1,1,2,1
44785,0,0,0,1,0,1
41372,0,0,0,1,2,1
27560,0,0,0,1,0,1
17737,0,0,0,0,0,0
5712,0,2,1,1,0,0
5178,0,2,1,1,0,0
46730,0,1,0,0,2,1
32918,0,0,0,1,1,1
29792,0,0,0,1,0,1
21512,0,0,0,1,0,0
39477,0,0,0,0,0,1
8321,0,2,0,0,1,0
8554,0,0,0,1,2,0
49395,0,3,0,1,0,1
26516,0,0,0,0,0,0
18908,0,0,0,1,0,0
48680,1,2,1,1,2,1
50039,0,0,0,1,0,1
13460,0,0,0,0,0,0
16694,0,0,0,0,0,0
28272,1,0,1,1,2,1
20413,0,0,0,1,2,0
12190,0,0,0,0,0,0
7096,0,0,0,1,0,0
45860,1,0,0,1,2,1
42956,0,0,1,1,2,1
6741,0,0,0,0,0,0
18521,0,0,0,0,0,0
20798,0,0,0,1,0,0
41329,0,0,0,1,0,1
35006,0,3,0,1,0,1
22054,0,0,0,1,0,0
14412,0,0,0,1,2,0
24012,0,0,0,0,0,0
47301,0,0,0,1,2,1
46580,0,0,0,1,0,1
25818,0,0,0,1,0,0
52058,0,1,0,1,0,1
1646,0,0,0,0,0,0
42318,0,0,0,1,0,1
32575,0,0,0,0,0,1
45240,0,1,0,0,1,1
32439,1,0,0,1,0,1
13517,0,0,0,1,0,0
20605,0,0,0,1,0,0
36762,0,3,1,1,2,1
15363,0,0,0,1,0,0
37640,0,1,0,0,0,1
31297,0,0,0,1,0,1
10269,0,0,0,0,0,0
9101,0,3,0,0,0,0
45364,0,0,0,1,2,1
12729,0,0,0,1,0,0
40711,0,0,0,0,2,1
29230,0,0,1,1,2,1
4149,0,0,0,1,0,0
31448,0,0,0,1,2,1
27903,0,3,1,1,2,1
7784,0,0,0,0,0,0
7295,0,0,0,1,0,0
39429,0,0,0,1,0,1
49958,0,0,0,1,2,1
20630,0,0,0,0,0,0
6654,0,0,0,0,0,0
2043,0,3,0,1,0,0
35354,1,0,0,1,0,1
4348,0,0,0,1,0,0
15900,0,0,0,1,0,0
13604,0,0,0,0,0,0
25980,0,0,0,1,0,0
16367,0,3,1,1,2,0
22632,0,0,0,0,0,0
33932,1,0,1,1,0,1
43108,0,3,1,1,2,1
37402,0,0,0,1,2,1
20561,0,0,0,1,0,0
33984,0,0,0,1,0,1
44050,0,3,1,1,2,1
47747,0,1,1,0,0,1
29018,0,0,0,1,0,1
25150,0,0,0,0,0,0
34061,0,3,0,0,0,1
13879,0,0,0,0,0,0
5622,0,0,1,1,0,0
37137,0,0,0,1,0,1
48292,0,0,0,1,0,1
17654,0,0,0,0,0,0
7655,0,0,0,1,0,0
27923,0,0,0,1,0,1
1323,0,0,1,1,0,0
6441,0,0,0,0,0,0
17714,0,0,0,1,0,0
14808,0,0,0,1,2,0
7760,0,0,0,1,0,0
33374,0,1,0,0,0,1
17095,0,0,1,1,0,0
34495,0,3,1,1,0,1
53348,0,0,0,1,0,1
52190,0,3,0,1,0,1
6994,0,0,0,0,0,0
45395,0,2,1,1,2,1
49093,1,0,0,1,0,1
33076,0,0,0,1,0,1
50554,0,0,1,1,0,1
11717,0,0,0,0,0,0
38647,1,2,1,1,2,1
749,0,0,0,0,0,0
24245,0,0,0,1,0,0
54640,0,2,0,1,1,1
6369,0,0,0,0,0,0
8919,0,0,0,1,0,0
6272,0,0,0,1,0,0
21515,0,0,0,0,0,0
13178,0,3,0,0,0,0
13293,0,0,0,1,0,0
14315,0,2,1,1,0,0
10084,0,0,0,1,0,0
35731,0,0,0,1,0,1
46863,0,1,1,0,0,1
9606,0,0,0,1,0,0
52501,0,0,0,1,1,1
17736,0,0,1,1,0,0
24692,0,0,0,0,0,0
32904,1,3,1,1,2,1
26965,1,0,0,1,0,0
19145,0,0,0,1,0,0
42371,1,3,1,1,0,1
44734,0,0,0,1,0,1
28341,0,0,1,1,0,1
13999,0,0,0,1,0,0
11241,0,1,0,0,0,0
42896,0,0,1,1,0,1
25441,0,0,0,1,0,0
18112,0,2,1,1,0,0
34317,0,1,0,0,2,1
51219,0,0,0,1,0,1
20226,0,0,0,1,0,0
53451,0,0,0,1,0,1
35681,0,0,0,1,0,1
42592,0,0,0,1,2,1
21115,0,2,0,1,0,0
15288,0,0,1,1,2,0
19646,0,0,0,1,0,0
51856,0,2,1,1,2,1
9818,0,0,0,1,0,0
46249,0,3,1,0,2,1
3838,0,0,0,0,0,0
20910,0,0,0,0,0,0
28701,0,3,1,1,0,1
12501,0,0,1,1,0,0
30151,1,3,1,1,0,1
20958,0,0,0,0,0,0
16459,0,0,0,0,0,0
36830,0,3,1,1,0,1
31735,0,0,0,1,0,1
45168,1,0,0,1,0,1
836,0,0,0,1,0,0
12972,0,0,0,0,0,0
16511,0,0,0,1,0,0
12028,0,0,0,0,0,0
12882,0,0,0,1,0,0
12161,0,0,0,0,0,0
50576,0,0,0,1,0,1
38264,0,3,1,1,2,1
17059,0,0,0,1,0,0
33848,0,1,0,1,2,1
45385,0,3,1,1,0,1
45159,1,0,0,1,2,1
22659,0,0,0,1,0,0
22298,0,0,0,0,0,0
37787,0,0,0,1,2,1
21956,0,0,0,1,0,0
41145,0,0,0,0,0,1
16175,0,3,0,1,0,0
8521,0,0,0,1,0,0
48503,0,0,0,1,2,1
7716,0,0,0,1,0,0
37878,0,0,0,0,0,1
53504,0,3,1,1,0,1
17556,0,0,0,0,0,0
6276,0,0,0,1,0,0
13355,0,3,0,0,0,0
45491,1,0,1,1,0,1
49494,0,3,1,1,2,1
38242,0,0,0,1,2,1
739,0,0,0,0,0,0
1247,0,0,0,0,0,0
8769,0,0,0,1,0,0
33982,0,0,0,1,0,1
35123,0,0,0,1,0,1
3851,0,0,0,0,0,0
27752,0,3,1,1,2,1
54716,0,0,0,1,0,1
9474,0,0,0,1,0,0
33421,0,0,1,1,2,1
40809,0,0,0,1,0,1
44237,0,3,1,1,2,1
33523,0,0,0,1,2,1
24358,0,0,0,0,0,0
47520,0,2,0,1,0,1
32138,0,0,0,1,0,1
45353,0,0,1,1,2,1
13055,0,2,0,1,0,0
30289,0,0,0,1,2,1
53292,0,2,0,1,0,1
35948,0,3,0,1,2,1
13138,0,0,0,1,0,0
27121,0,0,0,1,0,0
46876,0,0,0,1,0,1
29684,0,2,1,1,0,1
24626,0,0,0,1,0,0
52340,0,0,0,1,0,1
4164,0,0,0,1,0,0
28964,0,0,0,1,2,1
101,0,0,1,1,0,0
12578,0,0,0,1,0,0
26310,0,0,0,1,2,0
23896,0,0,0,0,2,0
53253,1,2,1,1,2,1
46101,0,1,1,1,2,1
33019,0,0,0,1,0,1
29893,0,0,0,1,0,1
17308,0,0,0,1,0,0
21820,0,0,0,0,0,0
38505,0,0,0,1,0,1
35822,0,3,1,1,0,1
26200,0,0,0,1,0,0
30077,0,0,0,1,2,1
38578,0,1,1,1,0,1
13849,0,0,1,1,0,0
36202,0,3,1,1,0,1
32080,0,0,0,1,0,1
14010,0,0,0,1,0,0
13718,0,0,0,1,0,0
36146,1,3,1,1,2,1
31044,0,0,0,1,0,1
14664,0,0,0,0,0,0
7549,0,0,0,0,0,0
20501,0,0,0,0,0,0
4816,0,3,1,1,0,0
43259,0,0,0,1,0,1
18643,0,0,0,0,0,0
54388,1,3,1,1,0,1
43171,0,0,0,1,0,1
40146,0,0,0,1,0,1
53991,0,0,1,1,2,1
14422,0,0,0,1,0,0
19491,0,0,0,1,0,0
8870,0,0,0,0,2,0
1529,0,0,1,1,0,0
22720,0,0,0,1,0,0
12603,0,0,0,1,0,0
16497,0,0,0,1,0,0
40698,1,3,1,1,2,1
0,0,0,0,1,0,0
3498,0,0,0,1,0,0
10427,0,0,0,0,0,0
45384,0,0,0,1,0,1
46020,0,0,0,1,0,1
27500,0,0,1,1,0,1
17046,0,1,0,1,0,0
21063,0,2,0,0,0,0
12274,0,0,0,1,2,0
27,0,0,0,1,0,0
5717,0,0,0,1,0,0
6620,0,3,0,1,0,0
41902,0,3,0,1,0,1
562,0,0,1,0,0,0
35166,0,1,0,1,0,1
25530,0,0,0,1,0,0
25340,0,0,0,0,0,0
37816,0,2,0,1,0,1
51112,0,3,1,1,2,1
49476,0,0,0,1,0,1
8878,0,0,1,1,0,0
42281,1,3,1,1,2,1
40001,0,0,1,1,2,1
7931,0,3,1,0,0,0
24442,0,0,0,0,2,0
53776,0,2,1,1,0,1
41073,1,2,1,1,0,1
35568,0,3,0,1,0,1
12921,0,0,0,0,0,0
5823,0,0,1,1,2,0
32572,0,0,1,1,2,1
6258,0,0,1,1,2,0
38703,0,1,1,1,0,1
36201,0,0,0,1,0,1
43225,0,3,1,1,0,1
34873,0,0,1,1,2,1
33793,0,0,0,1,0,1
24111,0,0,0,1,0,0
35313,1,3,1,1,0,1
13269,0,0,0,0,0,0
44505,0,0,0,1,2,1
13868,0,0,0,1,0,0
21286,0,0,0,1,0,0
44701,0,0,0,1,2,1
52314,0,0,0,1,0,1
6495,0,0,0,1,0,0
43008,0,0,0,1,0,1
31856,0,2,1,1,0,1
19467,0,0,0,0,0,0
1185,0,0,0,0,0,0
41033,1,1,1,1,0,1
47739,0,0,0,1,0,1
33948,0,0,1,1,2,1
48205,0,0,1,1,2,1
13953,0,0,0,1,0,0
43322,1,2,1,1,0,1
35317,0,0,0,1,0,1
253,0,3,1,1,2,0
37770,0,0,0,1,0,1
49287,0,2,0,1,0,1
11331,0,0,0,0,0,0
19568,0,0,0,1,0,0
38263,0,0,0,1,0,1
31443,0,0,1,1,1,1
734,0,3,1,1,0,0
8470,0,0,0,0,0,0
53805,0,0,0,1,2,1
15499,0,0,0,1,0,0
16514,0,0,0,1,0,0
2481,0,0,0,0,0,0
44994,1,0,1,1,0,1
36057,0,2,0,0,0,1
19685,0,0,0,0,0,0
22864,0,0,0,0,0,0
44794,0,3,0,1,0,1
21033,0,0,0,0,0,0
33036,0,0,0,1,2,1
28280,0,3,0,1,0,1
44570,0,0,0,1,2,1
22614,0,0,0,0,0,0
47800,0,0,0,1,0,1
47542,1,0,1,1,0,1
29477,0,0,1,1,0,1
43577,1,3,0,1,0,1
14059,0,0,0,0,0,0
25714,0,1,0,0,0,0
3553,0,0,0,1,0,0
4129,0,0,0,1,0,0
35219,0,0,0,1,0,1
6067,0,0,0,1,0,0
19430,0,0,0,1,0,0
33108,0,0,0,1,0,1
20603,0,0,0,0,0,0
1600,0,0,0,1,2,0
16237,0,0,0,0,0,0
19643,0,0,0,0,0,0
10589,0,0,0,1,0,0
28281,0,3,1,1,0,1
22563,0,0,0,0,0,0
29351,1,0,1,1,2,1
18833,0,0,0,0,0,0
54739,0,0,0,1,2,1
32811,0,0,0,0,0,1
12366,0,3,1,1,0,0
53869,1,0,0,1,2,1
5,0,0,0,0,0,0
44806,0,2,0,0,0,1
17822,0,3,0,0,0,0
7184,0,0,0,0,0,0
32853,0,0,1,1,2,1
14672,0,0,0,1,0,0
15889,0,0,0,1,0,0
23304,0,0,0,0,2,0
39672,0,0,0,1,2,1
10641,0,0,1,1,0,0
21565,0,0,0,0,2,0
9017,0,0,1,1,2,0
47721,0,0,0,1,0,1
24062,0,0,0,0,0,0
17002,0,0,1,1,0,0
17826,0,0,0,0,0,0
5530,0,0,0,0,0,0
18455,0,3,1,1,0,0
31577,0,3,1,1,2,1
53852,0,0,1,1,2,1
8336,0,0,0,0,0,0
14084,0,0,0,0,0,0
30755,0,1,1,1,0,1
17684,0,0,0,1,2,0
21724,0,0,0,0,0,0
15407,0,0,0,0,0,0
44687,0,0,0,1,0,1
30715,1,3,1,1,0,1
21946,0,3,1,1,0,0
46292,0,0,0,1,0,1
26640,0,0,0,0,0,0
49061,0,0,0,1,0,1
1161,0,0,0,1,0,0
45787,0,2,1,1,1,1
33842,0,0,0,1,2,1
37743,0,2,0,1,0,1
53098,1,0,0,1,2,1
23580,0,0,0,0,0,0
22635,0,0,0,1,2,0
30847,0,0,0,1,0,1
4163,0,1,0,0,0,0
51397,0,2,1,1,0,1
53457,0,0,0,1,0,1
34801,0,0,0,1,0,1
46654,1,1,1,1,0,1
44353,0,0,0,1,3,1
41736,0,0,1,1,0,1
35706,0,0,0,0,0,1
2880,0,0,0,0,0,0
630,0,0,0,1,2,0
26959,0,0,0,0,0,0
49267,0,0,0,1,2,1
32693,1,1,0,1,0,1
28174,0,2,1,1,2,1
447,0,0,0,0,0,0
37084,1,3,1,1,0,1
44426,0,3,0,1,0,1
39273,0,0,0,1,0,1
39796,0,0,0,1,0,1
53767,0,0,0,1,0,1
4109,0,0,0,1,0,0
32442,0,2,1,1,2,1
11900,0,1,1,1,0,0
42756,0,1,1,1,0,1
47632,1,0,0,1,0,1
25328,0,2,1,1,0,0
51144,0,0,0,1,0,1
41753,0,0,0,1,2,1
12944,0,0,0,0,0,0
50717,0,0,0,1,0,1
5908,0,0,1,1,0,0
6449,0,0,0,0,0,0
4612,0,0,0,1,0,0
7978,0,2,0,1,2,0
9387,0,0,1,1,2,0
1749,0,0,0,1,0,0
15802,0,0,0,1,0,0
27408,0,3,1,1,2,1
2305,0,0,0,1,0,0
16279,0,3,0,1,2,0
10863,0,1,0,1,0,0
34060,0,0,1,1,0,1
5160,0,0,0,0,0,0
42409,0,0,0,0,0,1
19470,0,0,0,0,0,0
6111,0,0,0,1,0,0
11691,0,0,0,1,0,0
103,0,0,0,1,0,0
39877,0,3,1,1,2,1
25808,0,0,0,0,0,0
4984,0,0,0,1,0,0
40388,0,0,0,1,0,1
29619,0,0,0,1,2,1
19337,0,0,0,1,0,0
40110,1,2,1,1,2,1
29064,0,3,1,1,2,1
28262,0,0,0,1,0,1
8621,0,0,0,1,0,0
17215,0,1,0,1,0,0
9409,0,0,0,0,0,0
24716,0,0,0,1,0,0
11462,0,0,1,1,0,0
44710,0,0,0,1,0,1
23445,0,0,0,0,0,0
47616,0,3,0,1,0,1
5871,0,0,0,1,0,0
3825,0,0,0,0,0,0
23789,0,0,0,1,0,0
35826,1,2,1,1,0,1
24642,0,1,1,1,0,0
22943,0,0,0,1,0,0
23265,0,2,1,1,0,0
28119,0,0,1,1,2,1
37704,0,0,1,1,2,1
51574,0,0,0,1,0,1
25492,0,0,0,1,0,0
38853,0,0,0,1,0,1
7584,0,0,0,1,0,0
7377,0,0,0,1,0,0
6060,0,0,0,1,0,0
11280,0,0,0,0,0,0
5774,0,0,0,0,0,0
12891,0,1,0,1,1,0
31733,1,3,0,1,2,1
4819,0,1,0,1,0,0
49400,1,0,0,1,0,1
11622,0,0,0,0,0,0
24299,0,0,0,1,0,0
19297,0,0,0,1,2,0
20000,0,0,0,1,0,0
54174,0,0,0,0,0,1
40723,1,0,0,1,1,1
18436,0,0,0,1,0,0
5620,0,0,0,0,0,0
28713,0,0,0,1,2,1
49492,0,0,1,1,0,1
32090,1,0,1,1,2,1
51004,0,0,0,1,0,1
27107,0,0,0,0,0,0
34928,0,3,0,1,0,1
13147,0,0,0,1,0,0
17579,0,0,0,1,0,0
5655,0,0,0,0,0,0
27762,0,0,0,1,2,1
31,0,0,0,0,0,0
40183,0,3,0,1,2,1
2509,0,0,0,1,0,0
31345,0,2,0,1,0,1
49,0,0,0,0,0,0
32619,0,0,0,1,0,1
54328,0,0,1,1,2,1
41297,0,0,0,1,0,1
20536,0,0,0,1,0,0
42072,0,0,0,1,0,1
36675,1,2,1,1,2,1
30587,1,0,0,1,0,1
8713,0,0,0,1,0,0
2802,0,0,0,0,0,0
22688,0,0,0,1,0,0
51363,0,1,0,1,0,1
2673,0,0,0,0,0,0
22078,0,0,0,1,0,0
15894,0,0,0,0,0,0
25035,0,0,0,0,0,0
35544,0,0,0,0,0,1
16686,0,0,0,1,0,0
1831,0,0,1,0,0,0
14172,0,0,0,1,0,0
26612,0,0,0,1,0,0
11793,0,0,1,1,2,0
38597,0,0,0,1,0,1
4270,0,0,0,0,0,0
4676,0,0,0,1,0,0
937,1,0,0,1,0,0
16264,0,0,0,0,0,0
4014,0,3,1,1,0,0
40724,0,0,0,1,0,1
31751,0,0,0,1,0,1
31411,0,3,1,1,0,1
23737,0,0,0,1,0,0
24241,0,0,1,1,0,0
38462,0,3,1,1,2,1
4278,0,0,0,1,0,0
48718,0,0,0,1,0,1
28317,0,3,1,0,1,1
82,0,0,0,1,0,0
46013,0,0,1,1,0,1
31830,1,1,1,1,2,1
33016,0,0,0,1,2,1
48235,0,0,0,1,0,1
23285,0,0,0,0,0,0
29289,0,0,0,1,2,1
9874,0,0,0,1,2,0
4443,0,0,0,1,0,0
46521,0,0,0,1,0,1
46770,0,0,0,0,0,1
52779,0,0,0,1,0,1
10548,0,0,0,1,0,0
27801,0,3,0,1,0,1
14017,0,0,0,1,0,0
29407,0,1,1,1,2,1
10160,0,0,0,0,0,0
7326,0,0,0,0,0,0
23049,0,0,0,0,0,0
40955,0,3,0,1,2,1
48445,0,0,0,1,0,1
23329,0,0,0,0,0,0
23119,0,0,0,1,0,0
9055,0,0,0,0,0,0
4425,0,0,0,0,0,0
10009,0,0,0,1,0,0
18346,0,0,1,1,0,0
41454,0,0,0,1,0,1
37552,0,0,0,1,0,1
24560,0,0,0,0,0,0
20599,0,0,0,0,0,0
11305,0,0,0,1,0,0
15012,0,0,0,1,0,0
2382,0,0,0,1,0,0
15622,0,0,0,1,0,0
8580,0,3,0,0,0,0
39838,0,0,1,1,2,1
47356,0,2,1,1,2,1
26863,0,0,0,0,0,0
32755,0,0,0,1,0,1
7862,0,0,0,0,0,0
46753,0,0,1,1,0,1
40486,1,1,1,1,2,1
35251,1,3,0,1,2,1
30623,1,0,0,1,0,1
26421,0,3,0,1,0,0
39844,1,0,1,1,0,1
15897,0,0,0,1,0,0
23379,0,1,0,1,0,0
13525,0,0,0,0,0,0
2356,0,0,1,1,0,0
50398,0,0,0,0,0,1
1398,0,0,0,0,3,0
31750,0,0,0,1,2,1
24899,0,0,0,0,2,0
50179,0,1,1,1,2,1
45756,0,0,0,1,2,1
45429,0,0,0,1,0,1
34631,1,0,1,1,0,1
44659,0,0,0,1,0,1
31474,0,3,1,1,0,1
29040,0,0,0,1,0,1
19076,0,1,1,0,3,0
27943,0,3,1,1,0,1
26702,0,0,0,0,0,0
26846,0,1,0,0,0,0
47023,0,3,1,1,2,1
45320,0,0,1,1,0,1
46478,0,0,0,1,0,1
34255,0,0,0,0,0,1
21524,0,0,1,1,2,0
38653,0,0,0,1,0,1
49520,0,0,0,1,2,1
35567,1,0,0,1,0,1
20140,0,0,0,1,0,0
22812,0,0,0,0,0,0
38083,0,0,0,1,0,1
45444,0,0,0,1,2,1
11218,0,0,0,1,3,0
8363,0,0,0,1,0,0
20777,0,0,0,1,0,0
37758,1,3,1,1,2,1
2648,0,0,0,1,0,0
48936,0,0,1,1,0,1
54589,0,3,1,1,0,1
4058,0,3,1,1,0,0
49262,0,3,0,1,0,1
49403,0,0,1,1,2,1
41017,0,2,0,0,0,1
7491,0,0,1,1,0,0
51783,0,0,0,1,2,1
28239,0,1,0,1,0,1
21284,0,1,0,1,2,0
30744,0,3,1,1,2,1
7871,0,0,0,1,0,0
35536,0,3,1,1,2,1
842,0,0,0,0,0,0
18721,0,0,0,1,2,0
31880,0,0,1,1,0,1
16548,0,0,0,1,0,0
9972,0,1,0,0,0,0
19764,0,0,0,1,0,0
21432,0,0,0,1,0,0
45843,0,3,0,1,0,1
6872,0,0,0,0,0,0
26245,0,0,0,0,0,0
45041,0,0,0,1,0,1
10835,0,0,0,1,0,0
42310,0,0,0,1,0,1
38300,0,0,0,1,0,1
4549,0,0,1,1,0,0
18270,0,0,0,0,0,0
32372,0,0,0,1,2,1
6228,0,0,0,0,0,0
12425,0,0,0,1,0,0
31071,0,1,0,1,0,1
53914,0,3,1,1,0,1
3756,0,0,0,1,0,0
14238,0,0,0,0,0,0
21443,0,0,0,0,0,0
53808,0,3,0,1,2,1
9602,0,0,0,0,0,0
7719,1,2,0,1,0,0
27561,0,0,0,1,1,1
18460,1,3,1,1,0,0
13364,0,0,0,0,0,0
24063,0,0,0,1,0,0
17075,0,0,0,1,0,0
38025,0,0,0,1,0,1
29687,0,0,0,1,0,1
41450,0,0,1,1,2,1
8051,0,0,0,1,0,0
14329,0,0,0,0,3,0
36027,0,3,1,1,0,1
10400,0,0,0,0,0,0
13800,0,0,0,1,0,0
48523,0,0,0,0,0,1
32915,0,0,0,1,0,1
20522,0,0,0,0,0,0
8425,0,0,0,0,0,0
18086,0,0,0,1,0,0
40798,0,0,1,1,2,1
30256,0,1,1,1,0,1
6286,0,0,0,0,0,0
25208,0,0,0,1,0,0
30527,0,3,1,0,0,1
24261,0,3,0,1,0,0
48454,0,0,0,1,0,1
49311,0,0,0,1,0,1
27481,0,2,1,1,2,1
48114,0,3,1,1,0,1
15705,0,0,0,1,2,0
52200,0,0,0,1,0,1
23967,0,0,0,1,2,0
48990,0,3,0,1,0,1
54401,0,0,0,1,0,1
20673,0,0,0,0,0,0
15648,0,0,0,0,0,0
14924,0,0,0,0,0,0
30447,0,0,0,0,0,1
29277,0,0,0,1,0,1
40876,0,2,0,1,2,1
21058,0,0,0,1,0,0
14149,0,1,1,1,0,0
29970,0,3,1,0,0,1
44880,0,3,1,1,2,1
49081,0,0,0,1,0,1
36407,0,3,0,1,0,1
2987,0,0,0,1,0,0
10326,0,2,0,1,0,0
15560,0,0,0,0,0,0
38443,0,0,0,1,2,1
16608,0,0,0,0,0,0
34921,0,0,0,1,0,1
8672,0,2,1,1,1,0
48586,0,0,1,1,0,1
15990,0,3,1,1,0,0
26619,0,0,0,1,0,0
34769,0,0,0,1,0,1
43107,0,3,1,1,0,1
28137,0,0,0,1,0,1
23486,0,0,0,1,0,0
17201,0,0,0,0,0,0
7609,0,0,1,1,2,0
43038,0,0,0,1,0,1
51542,1,1,0,1,2,1
49124,0,0,0,1,0,1
41368,0,0,0,1,0,1
6807,0,0,0,1,2,0
30746,0,0,1,1,0,1
3819,0,0,0,1,2,0
53256,0,0,0,1,2,1
30521,0,0,0,1,2,1
23520,0,2,0,0,3,0
14046,0,0,1,1,2,0
31315,0,0,0,1,2,1
1719,0,0,0,0,0,0
42499,1,0,1,1,0,1
19069,0,3,0,0,0,0
46785,0,0,0,1,0,1
16795,0,0,0,0,0,0
3794,0,0,0,0,0,0
36116,0,0,1,1,0,1
40700,0,0,0,1,2,1
11299,0,0,0,1,0,0
6097,0,0,0,0,0,0
48648,0,0,0,1,1,1
44870,0,3,1,1,0,1
33402,0,0,1,1,2,1
47630,0,0,0,1,0,1
44201,0,0,0,1,0,1
11889,0,1,1,1,0,0
20594,0,0,0,1,0,0
7053,0,0,0,1,0,0
28741,0,1,0,1,2,1
12127,0,1,0,1,0,0
33697,0,3,1,1,0,1
22248,0,0,0,1,0,0
2671,0,0,0,0,0,0
44757,0,0,0,1,0,1
3420,0,2,0,0,0,0
17550,0,0,0,1,0,0
8731,0,0,0,1,0,0
6962,0,2,1,1,0,0
29315,0,0,0,1,0,1
22164,0,0,0,0,0,0
41225,0,2,0,1,0,1
37267,1,0,1,1,0,1
36600,0,0,0,1,2,1
6282,0,2,0,1,0,0
54510,0,0,0,1,0,1
33044,0,0,0,0,0,1
26296,0,0,0,0,0,0
25999,0,0,0,1,0,0
27596,0,0,0,1,2,1
46914,0,0,0,0,0,1
23248,0,0,0,1,0,0
28720,0,0,0,1,0,1
30036,1,0,0,1,0,1
43733,0,0,0,1,0,1
38997,0,3,1,0,0,1
40477,0,0,1,1,2,1
24018,0,2,1,0,0,0
37670,0,0,1,1,1,1
35211,0,0,0,1,2,1
24201,0,0,0,0,0,0
23083,0,0,0,1,1,0
52756,0,0,0,1,0,1
36436,1,0,1,1,2,1
54121,1,0,0,1,0,1
11695,0,0,0,1,0,0
46961,0,2,0,1,0,1
5869,0,0,0,0,0,0
2394,0,0,0,1,0,0
51935,1,0,0,1,2,1
48832,0,2,0,1,0,1
5145,0,0,0,1,0,0
14343,0,0,0,0,0,0
35168,0,3,0,1,0,1
34217,0,0,1,1,0,1
18788,0,1,0,1,0,0
11553,0,0,1,1,0,0
38723,0,0,0,1,0,1
53532,0,0,0,1,0,1
18001,0,0,0,1,0,0
9029,0,1,0,0,0,0
3223,0,0,0,1,0,0
9141,1,0,0,1,0,0
43801,0,0,1,1,0,1
51007,0,0,0,1,2,1
34572,1,0,0,1,0,1
38595,0,0,0,1,0,1
50001,1,0,1,1,2,1
50140,1,3,1,1,2,1
46140,0,0,1,1,0,1
10069,0,0,0,1,0,0
21453,0,0,0,1,0,0
41639,0,0,0,1,0,1
28564,0,2,1,1,2,1
31436,0,0,1,1,2,1
24178,0,0,0,1,0,0
986,0,0,0,0,2,0
39823,0,0,0,1,0,1
52632,0,0,0,1,0,1
34092,0,0,0,1,0,1
33801,0,0,0,1,0,1
10386,0,0,0,1,0,0
18613,0,0,0,1,0,0
11007,0,0,0,1,0,0
28725,0,0,0,1,0,1
42733,0,0,0,1,0,1
36506,1,0,0,1,2,1
32165,1,0,1,1,2,1
40400,0,0,0,1,0,1
34464,0,1,0,1,0,1
20353,0,3,1,1,0,0
46817,0,3,1,1,2,1
51380,0,0,0,1,0,1
51061,0,0,0,1,2,1
2265,0,0,0,0,0,0
4428,0,0,0,1,0,0
28083,0,3,1,1,2,1
48100,0,0,1,0,2,1
15269,0,0,0,0,0,0
51756,1,3,1,1,0,1
46413,0,0,1,1,0,1
37846,0,0,1,1,2,1
17803,0,0,0,1,0,0
40918,0,0,1,1,0,1
13314,0,0,0,1,0,0
47025,0,0,0,1,2,1
47771,0,0,0,1,2,1
8071,0,0,0,1,0,0
53326,0,0,0,1,0,1
10681,0,0,0,0,0,0
16010,0,0,0,0,0,0
24934,0,3,1,1,2,0
36029,0,0,1,1,0,1
6948,0,0,0,1,0,0
27341,0,0,0,1,2,0
43192,0,0,0,1,2,1
18622,0,0,0,0,0,0
11802,0,0,0,0,0,0
39509,0,0,0,1,1,1
35266,1,0,0,1,0,1
49851,0,0,0,1,0,1
40312,0,0,0,1,2,1
15674,0,0,0,0,0,0
24119,0,0,0,1,2,0
52715,0,2,0,1,2,1
22074,0,0,0,1,0,0
47420,0,0,0,1,0,1
10905,0,0,0,1,0,0
19058,0,3,1,1,2,0
1834,0,0,0,1,0,0
42304,0,1,0,1,2,1
15382,0,0,0,1,0,0
19231,0,0,0,0,0,0
43704,1,3,1,1,2,1
49927,1,3,0,1,2,1
37333,0,0,0,1,2,1
36115,0,0,0,1,2,1
52552,0,3,1,1,0,1
19156,0,0,0,1,0,0
24871,0,0,0,0,0,0
38208,0,0,1,1,0,1
13719,0,0,0,1,0,0
41002,0,0,0,1,2,1
53685,0,0,0,1,0,1
3989,0,0,0,0,2,0
7470,0,0,0,1,0,0
50861,1,3,1,1,0,1
51484,0,3,1,1,0,1
15800,1,0,1,1,0,0
39278,0,0,0,1,2,1
14364,0,0,0,1,0,0
19522,0,0,0,1,0,0
28781,1,2,0,1,0,1
21688,0,0,0,0,0,0
17894,0,0,0,0,0,0
37925,0,0,0,1,0,1
45447,0,2,1,0,2,1
19933,0,0,0,1,0,0
54638,0,3,1,1,2,1
6997,0,0,0,1,0,0
42946,0,0,0,1,0,1
44463,0,3,1,1,0,1
33603,0,0,1,1,0,1
18104,0,0,0,1,0,0
48789,1,0,1,1,2,1
15361,0,0,0,0,0,0
42813,0,0,0,1,0,1
28468,0,0,0,1,0,1
51383,0,2,0,1,0,1
54302,0,0,0,1,0,1
10067,0,0,0,0,0,0
28166,0,0,0,0,0,1
19594,0,0,1,1,2,0
6337,0,0,0,0,0,0
19127,0,0,0,1,2,0
50523,1,0,1,1,2,1
44555,0,3,1,1,2,1
1977,0,0,0,0,0,0
39995,0,0,1,1,0,1
41546,0,3,1,1,2,1
46112,0,0,1,1,0,1
49721,0,3,0,1,0,1
26522,0,0,0,1,0,0
27747,0,1,1,1,2,1
30327,0,1,0,1,2,1
32062,0,0,0,1,2,1
40616,1,3,0,1,0,1
50309,1,1,0,0,0,1
44617,0,0,0,1,0,1
38558,0,0,0,1,0,1
36339,0,0,0,1,0,1
27139,0,0,0,1,0,0
7178,0,0,0,0,0,0
9218,0,0,0,1,0,0
18768,0,0,0,0,0,0
13631,0,0,0,0,0,0
9458,0,0,0,1,0,0
27889,0,0,0,1,0,1
44179,0,0,0,1,0,1
46184,1,0,0,1,0,1
4593,0,2,0,1,0,0
46562,0,1,0,1,0,1
53247,0,0,0,1,0,1
11654,0,2,1,1,0,0
44752,0,0,0,1,0,1
9436,0,0,0,0,0,0
49969,0,0,1,1,2,1
52541,0,0,0,1,2,1
15292,0,0,0,0,0,0
47668,0,0,1,1,2,1
3963,0,3,1,1,0,0
44529,0,3,0,1,0,1
20344,0,0,0,1,0,0
48846,0,3,1,1,0,1
35248,0,2,1,1,2,1
42909,0,0,0,0,0,1
25461,0,0,0,1,0,0
6463,0,0,0,1,0,0
16553,0,2,0,1,0,0
46944,0,0,0,1,0,1
42595,0,0,0,1,0,1
26752,0,0,0,1,0,0
39766,0,0,0,1,0,1
13477,0,0,0,0,0,0
25881,0,0,0,0,0,0
53270,1,3,1,1,0,1
53987,0,0,0,1,0,1
2972,0,0,0,1,0,0
28381,0,0,0,1,0,1
11010,0,0,0,0,0,0
37538,0,0,1,1,0,1
25196,0,0,0,1,0,0
9632,0,0,0,1,2,0
29594,0,3,1,1,2,1
40818,0,3,1,1,0,1
6814,0,2,0,0,0,0
12365,0,0,0,1,0,0
42391,0,0,0,1,0,1
33344,1,0,0,1,2,1
422,0,0,0,0,0,0
11857,0,0,0,0,0,0
23242,0,0,0,1,1,0
424,0,0,0,0,0,0
13231,0,2,1,1,2,0
23800,0,0,0,1,0,0
37270,0,0,0,1,1,1
30084,0,0,0,1,0,1
51387,0,0,0,1,0,1
18170,0,3,0,1,0,0
27885,0,0,0,1,2,1
45268,0,0,1,1,2,1
25283,0,0,0,0,0,0
47940,0,0,1,1,0,1
39569,0,0,0,1,3,1
5595,0,0,0,1,2,0
42007,0,0,0,1,0,1
40635,0,2,0,1,2,1
53482,0,0,0,1,0,1
20741,0,0,1,1,0,0
30699,0,3,0,1,0,1
22451,0,0,0,1,0,0
43559,0,0,0,1,0,1
52460,0,1,1,1,0,1
20386,0,0,0,1,0,0
18244,0,0,0,0,0,0
20478,0,0,0,1,0,0
18214,0,0,0,1,0,0
21435,0,0,0,1,0,0
31321,0,0,0,1,2,1
45588,0,3,1,1,0,1
12950,0,0,0,0,0,0
41553,0,0,0,1,2,1
40291,0,0,1,1,2,1
48647,0,1,1,1,2,1
23281,0,0,0,0,2,0
9323,0,0,0,0,0,0
24445,0,0,0,1,2,0
42695,1,0,1,1,0,1
12724,0,0,0,1,0,0
39475,0,0,0,1,0,1
17929,0,0,0,0,0,0
52346,0,0,1,1,0,1
46380,0,0,0,1,0,1
41291,0,0,0,1,0,1
14168,0,3,0,1,2,0
49440,0,0,0,1,0,1
32701,0,0,0,0,0,1
31022,0,0,0,0,0,1
20092,0,0,0,0,0,0
21050,0,0,0,0,0,0
44614,0,0,1,1,0,1
52988,0,3,0,1,0,1
44133,0,0,0,1,0,1
47362,1,0,1,1,2,1
3628,0,0,0,0,0,0
53988,0,0,0,1,0,1
3297,0,0,0,1,0,0
12192,0,0,0,1,0,0
15757,0,0,0,1,0,0
8290,0,0,0,1,0,0
9575,0,0,0,1,0,0
142,0,0,0,0,0,0
46259,0,3,1,1,2,1
25751,0,0,1,1,0,0
41355,0,1,0,1,0,1
42027,0,0,0,1,2,1
50491,0,0,0,1,0,1
12292,0,0,0,1,0,0
17983,0,0,0,0,0,0
1769,0,0,0,1,0,0
2597,0,0,0,1,0,0
32547,0,0,0,1,0,1
9528,0,0,0,0,0,0
18781,0,0,0,0,0,0
36306,0,3,1,1,2,1
5098,0,0,0,0,0,0
42243,0,0,1,1,2,1
47775,1,0,0,1,0,1
51365,0,0,0,1,0,1
43681,0,3,0,1,2,1
12478,0,0,0,0,0,0
7466,0,0,0,0,2,0
3675,0,0,0,0,0,0
30802,1,0,1,1,2,1
13170,0,0,0,1,0,0
36552,0,0,0,1,0,1
677,0,0,0,0,0,0
27904,0,0,0,1,2,1
19408,0,0,1,1,2,0
39696,1,0,0,1,2,1
35515,0,3,0,1,0,1
14816,0,0,0,1,2,0
12015,0,0,0,0,0,0
470,0,0,0,0,0,0
28295,0,0,0,1,0,1
8963,0,0,0,1,0,0
5437,0,0,0,1,0,0
36204,1,3,1,1,2,1
39229,0,0,0,1,0,1
24828,0,0,0,1,0,0
13506,0,0,0,1,0,0
27917,0,1,0,0,0,1
26891,0,0,0,1,0,0
20377,0,0,0,1,0,0
42436,0,1,1,1,2,1
53916,0,0,0,1,0,1
27696,1,0,1,1,0,1
41843,0,0,0,1,0,1
32397,0,0,0,1,2,1
1472,0,0,0,0,0,0
38947,0,1,0,1,0,1
27599,0,0,0,1,0,1
34107,0,0,0,1,2,1
45935,0,0,0,1,0,1
41174,0,3,0,1,2,1
15228,0,0,0,1,0,0
49391,0,1,0,0,2,1
50768,0,2,1,1,2,1
49811,0,0,0,0,0,1
38671,0,2,1,1,0,1
35147,0,0,0,1,0,1
50591,0,0,0,1,0,1
27626,0,0,0,1,2,1
20617,0,2,1,1,0,0
18030,0,1,0,0,0,0
18409,0,0,0,0,0,0
19681,0,0,0,1,0,0
52974,0,2,0,0,2,1
52759,1,0,0,1,0,1
21278,0,0,0,0,0,0
37088,0,0,0,1,0,1
44334,0,3,1,1,2,1
8523,0,0,0,1,0,0
44773,0,0,0,1,0,1
11433,0,0,0,1,0,0
1232,0,0,0,0,0,0
29604,0,0,0,1,2,1
5474,0,2,0,0,2,0
32109,0,0,1,1,0,1
14767,0,0,0,1,0,0
48103,1,2,0,0,1,1
43160,0,0,0,1,0,1
38212,0,3,1,1,2,1
16216,0,0,0,0,0,0
36111,0,0,0,1,0,1
27890,0,0,0,1,1,1
38992,0,0,1,1,2,1
53064,0,0,0,1,2,1
11964,0,0,0,1,0,0
27531,0,0,0,1,2,1
33861,0,0,1,1,0,1
38369,1,0,0,0,0,1
29256,1,3,1,0,2,1
6599,0,0,0,1,0,0
33149,0,1,0,1,0,1
44000,0,0,0,1,0,1
48024,0,2,0,1,0,1
32196,0,0,0,1,0,1
29923,0,0,1,1,0,1
15396,0,0,0,1,0,0
